-- --------------------------------------------------------
-- Host:                         127.0.0.1
-- Server version:               10.1.21-MariaDB - mariadb.org binary distribution
-- Server OS:                    Win32
-- HeidiSQL Version:             12.7.0.6850
-- --------------------------------------------------------

/*!40101 SET @OLD_CHARACTER_SET_CLIENT=@@CHARACTER_SET_CLIENT */;
/*!40101 SET NAMES utf8 */;
/*!50503 SET NAMES utf8mb4 */;
/*!40103 SET @OLD_TIME_ZONE=@@TIME_ZONE */;
/*!40103 SET TIME_ZONE='+00:00' */;
/*!40014 SET @OLD_FOREIGN_KEY_CHECKS=@@FOREIGN_KEY_CHECKS, FOREIGN_KEY_CHECKS=0 */;
/*!40101 SET @OLD_SQL_MODE=@@SQL_MODE, SQL_MODE='NO_AUTO_VALUE_ON_ZERO' */;
/*!40111 SET @OLD_SQL_NOTES=@@SQL_NOTES, SQL_NOTES=0 */;


-- Dumping database structure for ga-sheet
CREATE DATABASE IF NOT EXISTS `ga-sheet` /*!40100 DEFAULT CHARACTER SET latin1 */;
USE `ga-sheet`;

-- Dumping structure for table ga-sheet.lara_activities_log
CREATE TABLE IF NOT EXISTS `lara_activities_log` (
  `id` bigint(20) unsigned NOT NULL AUTO_INCREMENT,
  `user_id` bigint(20) unsigned DEFAULT NULL,
  `url` varchar(255) CHARACTER SET utf8mb4 COLLATE utf8mb4_unicode_ci DEFAULT NULL,
  `subject` varchar(255) CHARACTER SET utf8mb4 COLLATE utf8mb4_unicode_ci DEFAULT NULL,
  `method` varchar(255) CHARACTER SET utf8mb4 COLLATE utf8mb4_unicode_ci DEFAULT NULL,
  `ip_address` varchar(255) CHARACTER SET utf8mb4 COLLATE utf8mb4_unicode_ci DEFAULT NULL,
  `agent` varchar(255) CHARACTER SET utf8mb4 COLLATE utf8mb4_unicode_ci DEFAULT NULL,
  `created_at` timestamp NULL DEFAULT NULL,
  `updated_at` timestamp NULL DEFAULT NULL,
  PRIMARY KEY (`id`)
) ENGINE=InnoDB AUTO_INCREMENT=491 DEFAULT CHARSET=armscii8 COLLATE=armscii8_bin;

-- Dumping data for table ga-sheet.lara_activities_log: ~402 rows (approximately)
INSERT INTO `lara_activities_log` (`id`, `user_id`, `url`, `subject`, `method`, `ip_address`, `agent`, `created_at`, `updated_at`) VALUES
	(89, 2, 'http://192.168.117.177:8000/master/item', 'user store data master item', 'POST', '192.168.117.177', 'Mozilla/5.0 (Windows NT 10.0; Win64; x64) AppleWebKit/537.36 (KHTML, like Gecko) Chrome/115.0.0.0 Safari/537.36', '2023-08-08 01:45:57', '2023-08-08 01:45:57'),
	(90, 2, 'http://192.168.117.177:8000/master/item', 'user store data master item', 'POST', '192.168.117.177', 'Mozilla/5.0 (Windows NT 10.0; Win64; x64) AppleWebKit/537.36 (KHTML, like Gecko) Chrome/115.0.0.0 Safari/537.36', '2023-08-08 21:35:31', '2023-08-08 21:35:31'),
	(91, 2, 'http://192.168.117.177:8000/master/item', 'user store data master item', 'POST', '192.168.117.177', 'Mozilla/5.0 (Windows NT 10.0; Win64; x64) AppleWebKit/537.36 (KHTML, like Gecko) Chrome/115.0.0.0 Safari/537.36', '2023-08-08 21:50:22', '2023-08-08 21:50:22'),
	(92, 2, 'http://192.168.117.177:8000/master/item', 'user store data master item', 'POST', '192.168.117.177', 'Mozilla/5.0 (Windows NT 10.0; Win64; x64) AppleWebKit/537.36 (KHTML, like Gecko) Chrome/115.0.0.0 Safari/537.36', '2023-08-08 21:52:52', '2023-08-08 21:52:52'),
	(93, 2, 'http://192.168.117.177:8000/master/item', 'user store data master item', 'POST', '192.168.117.177', 'Mozilla/5.0 (Windows NT 10.0; Win64; x64) AppleWebKit/537.36 (KHTML, like Gecko) Chrome/115.0.0.0 Safari/537.36', '2023-08-08 23:23:54', '2023-08-08 23:23:54'),
	(94, 2, 'http://192.168.117.177:8000/master/item', 'user store data master item', 'POST', '192.168.117.177', 'Mozilla/5.0 (Windows NT 10.0; Win64; x64) AppleWebKit/537.36 (KHTML, like Gecko) Chrome/115.0.0.0 Safari/537.36', '2023-08-09 00:13:52', '2023-08-09 00:13:52'),
	(95, 2, 'http://192.168.117.177:8000/master/item', 'user store data master item', 'POST', '192.168.117.177', 'Mozilla/5.0 (Windows NT 10.0; Win64; x64) AppleWebKit/537.36 (KHTML, like Gecko) Chrome/115.0.0.0 Safari/537.36', '2023-08-09 00:45:01', '2023-08-09 00:45:01'),
	(96, 2, 'http://192.168.117.177:8000/master/produk', 'user store data produk', 'POST', '192.168.117.177', 'Mozilla/5.0 (Windows NT 10.0; Win64; x64) AppleWebKit/537.36 (KHTML, like Gecko) Chrome/115.0.0.0 Safari/537.36', '2023-08-09 01:48:08', '2023-08-09 01:48:08'),
	(97, 2, 'http://192.168.117.177:8000/master/item', 'user store data master item', 'POST', '192.168.117.177', 'Mozilla/5.0 (Windows NT 10.0; Win64; x64) AppleWebKit/537.36 (KHTML, like Gecko) Chrome/115.0.0.0 Safari/537.36', '2023-08-09 21:37:36', '2023-08-09 21:37:36'),
	(98, 2, 'http://192.168.117.177:8000/master/item', 'user store data master item', 'POST', '192.168.117.177', 'Mozilla/5.0 (Windows NT 10.0; Win64; x64) AppleWebKit/537.36 (KHTML, like Gecko) Chrome/115.0.0.0 Safari/537.36', '2023-08-09 21:38:20', '2023-08-09 21:38:20'),
	(99, 2, 'http://192.168.117.177:8000/master/item', 'user store data master item', 'POST', '192.168.117.177', 'Mozilla/5.0 (Windows NT 10.0; Win64; x64) AppleWebKit/537.36 (KHTML, like Gecko) Chrome/115.0.0.0 Safari/537.36', '2023-08-09 21:39:17', '2023-08-09 21:39:17'),
	(100, 2, 'http://192.168.117.177:8000/master/item', 'user store data master item', 'POST', '192.168.117.177', 'Mozilla/5.0 (Windows NT 10.0; Win64; x64) AppleWebKit/537.36 (KHTML, like Gecko) Chrome/115.0.0.0 Safari/537.36', '2023-08-09 21:39:56', '2023-08-09 21:39:56'),
	(101, 2, 'http://192.168.117.177:8000/master/item', 'user store data master item', 'POST', '192.168.117.177', 'Mozilla/5.0 (Windows NT 10.0; Win64; x64) AppleWebKit/537.36 (KHTML, like Gecko) Chrome/115.0.0.0 Safari/537.36', '2023-08-09 21:41:28', '2023-08-09 21:41:28'),
	(102, 2, 'http://192.168.117.177:8000/master/item', 'user store data master item', 'POST', '192.168.117.177', 'Mozilla/5.0 (Windows NT 10.0; Win64; x64) AppleWebKit/537.36 (KHTML, like Gecko) Chrome/115.0.0.0 Safari/537.36', '2023-08-09 21:42:05', '2023-08-09 21:42:05'),
	(103, 2, 'http://192.168.117.177:8000/master/item', 'user store data master item', 'POST', '192.168.117.177', 'Mozilla/5.0 (Windows NT 10.0; Win64; x64) AppleWebKit/537.36 (KHTML, like Gecko) Chrome/115.0.0.0 Safari/537.36', '2023-08-09 21:42:36', '2023-08-09 21:42:36'),
	(104, 2, 'http://192.168.117.177:8000/master/item', 'user store data master item', 'POST', '192.168.117.177', 'Mozilla/5.0 (Windows NT 10.0; Win64; x64) AppleWebKit/537.36 (KHTML, like Gecko) Chrome/115.0.0.0 Safari/537.36', '2023-08-09 21:43:03', '2023-08-09 21:43:03'),
	(105, 2, 'http://192.168.117.177:8000/master/item', 'user store data master item', 'POST', '192.168.117.177', 'Mozilla/5.0 (Windows NT 10.0; Win64; x64) AppleWebKit/537.36 (KHTML, like Gecko) Chrome/115.0.0.0 Safari/537.36', '2023-08-09 21:44:00', '2023-08-09 21:44:00'),
	(106, 2, 'http://192.168.117.177:8000/master/item', 'user store data master item', 'POST', '192.168.117.177', 'Mozilla/5.0 (Windows NT 10.0; Win64; x64) AppleWebKit/537.36 (KHTML, like Gecko) Chrome/115.0.0.0 Safari/537.36', '2023-08-09 21:44:47', '2023-08-09 21:44:47'),
	(107, 2, 'http://192.168.117.177:8000/master/item', 'user store data master item', 'POST', '192.168.117.177', 'Mozilla/5.0 (Windows NT 10.0; Win64; x64) AppleWebKit/537.36 (KHTML, like Gecko) Chrome/115.0.0.0 Safari/537.36', '2023-08-10 00:44:22', '2023-08-10 00:44:22'),
	(108, 2, 'http://192.168.117.177:8000/master/item', 'user store data master item', 'POST', '192.168.117.177', 'Mozilla/5.0 (Windows NT 10.0; Win64; x64) AppleWebKit/537.36 (KHTML, like Gecko) Chrome/115.0.0.0 Safari/537.36', '2023-08-10 00:49:19', '2023-08-10 00:49:19'),
	(109, 2, 'http://192.168.117.177:8000/master/item', 'user store data master item', 'POST', '192.168.117.177', 'Mozilla/5.0 (Windows NT 10.0; Win64; x64) AppleWebKit/537.36 (KHTML, like Gecko) Chrome/115.0.0.0 Safari/537.36', '2023-08-10 00:50:24', '2023-08-10 00:50:24'),
	(110, 2, 'http://192.168.117.177:8000/master/produk', 'user store data produk', 'POST', '192.168.117.177', 'Mozilla/5.0 (Windows NT 10.0; Win64; x64) AppleWebKit/537.36 (KHTML, like Gecko) Chrome/115.0.0.0 Safari/537.36', '2023-08-10 00:52:54', '2023-08-10 00:52:54'),
	(111, 2, 'http://192.168.117.177:8000/master/produk', 'user store data produk', 'POST', '192.168.117.177', 'Mozilla/5.0 (Windows NT 10.0; Win64; x64) AppleWebKit/537.36 (KHTML, like Gecko) Chrome/115.0.0.0 Safari/537.36', '2023-08-10 00:53:08', '2023-08-10 00:53:08'),
	(112, 2, 'http://192.168.117.177:8000/master/produk', 'user store data produk', 'POST', '192.168.117.177', 'Mozilla/5.0 (Windows NT 10.0; Win64; x64) AppleWebKit/537.36 (KHTML, like Gecko) Chrome/115.0.0.0 Safari/537.36', '2023-08-10 00:53:20', '2023-08-10 00:53:20'),
	(113, 2, 'http://192.168.117.177:8000/bom/setup', 'user store data bom', 'POST', '192.168.117.177', 'Mozilla/5.0 (Windows NT 10.0; Win64; x64) AppleWebKit/537.36 (KHTML, like Gecko) Chrome/115.0.0.0 Safari/537.36', '2023-08-10 01:34:17', '2023-08-10 01:34:17'),
	(114, 2, 'http://192.168.117.177:8000/bom/setup', 'user store data bom', 'POST', '192.168.117.177', 'Mozilla/5.0 (Windows NT 10.0; Win64; x64) AppleWebKit/537.36 (KHTML, like Gecko) Chrome/115.0.0.0 Safari/537.36', '2023-08-10 01:47:11', '2023-08-10 01:47:11'),
	(115, 2, 'http://192.168.117.177:8000/bom/setup', 'user store data bom', 'POST', '192.168.117.177', 'Mozilla/5.0 (Windows NT 10.0; Win64; x64) AppleWebKit/537.36 (KHTML, like Gecko) Chrome/115.0.0.0 Safari/537.36', '2023-08-10 19:29:47', '2023-08-10 19:29:47'),
	(116, 2, 'http://192.168.146.106:8000/bom/setup', 'user store data bom', 'POST', '192.168.146.106', 'Mozilla/5.0 (Windows NT 10.0; Win64; x64) AppleWebKit/537.36 (KHTML, like Gecko) Chrome/115.0.0.0 Safari/537.36', '2023-08-13 00:32:48', '2023-08-13 00:32:48'),
	(117, 2, 'http://192.168.146.106:8000/bom/setup/1', 'user update data bom', 'PUT', '192.168.146.106', 'Mozilla/5.0 (Windows NT 10.0; Win64; x64) AppleWebKit/537.36 (KHTML, like Gecko) Chrome/115.0.0.0 Safari/537.36', '2023-08-13 00:43:51', '2023-08-13 00:43:51'),
	(118, 2, 'http://192.168.146.106:8000/bom/approval_rnd_atasan/1', 'user update data bom atasan', 'PUT', '192.168.146.106', 'Mozilla/5.0 (Windows NT 10.0; Win64; x64) AppleWebKit/537.36 (KHTML, like Gecko) Chrome/115.0.0.0 Safari/537.36', '2023-08-13 01:19:59', '2023-08-13 01:19:59'),
	(119, 2, 'http://192.168.146.106:8000/bom/setup/1', 'user update data bom', 'PUT', '192.168.146.106', 'Mozilla/5.0 (Windows NT 10.0; Win64; x64) AppleWebKit/537.36 (KHTML, like Gecko) Chrome/115.0.0.0 Safari/537.36', '2023-08-13 01:20:52', '2023-08-13 01:20:52'),
	(120, 2, 'http://192.168.146.106:8000/bom/approval_rnd_atasan/1', 'user update data bom atasan', 'PUT', '192.168.146.106', 'Mozilla/5.0 (Windows NT 10.0; Win64; x64) AppleWebKit/537.36 (KHTML, like Gecko) Chrome/115.0.0.0 Safari/537.36', '2023-08-13 01:21:44', '2023-08-13 01:21:44'),
	(121, 2, 'http://192.168.146.106:8000/bom/approval_rnd_atasan/1', 'user update data bom atasan', 'PUT', '192.168.146.106', 'Mozilla/5.0 (Windows NT 10.0; Win64; x64) AppleWebKit/537.36 (KHTML, like Gecko) Chrome/115.0.0.0 Safari/537.36', '2023-08-13 01:27:46', '2023-08-13 01:27:46'),
	(122, 2, 'http://192.168.146.106:8000/bom/setup/1', 'user update data bom', 'PUT', '192.168.146.106', 'Mozilla/5.0 (Windows NT 10.0; Win64; x64) AppleWebKit/537.36 (KHTML, like Gecko) Chrome/115.0.0.0 Safari/537.36', '2023-08-13 01:28:11', '2023-08-13 01:28:11'),
	(123, 2, 'http://192.168.146.106:8000/bom/approval_rnd_atasan/1', 'user update data bom atasan', 'PUT', '192.168.146.106', 'Mozilla/5.0 (Windows NT 10.0; Win64; x64) AppleWebKit/537.36 (KHTML, like Gecko) Chrome/115.0.0.0 Safari/537.36', '2023-08-13 01:28:56', '2023-08-13 01:28:56'),
	(124, 2, 'http://192.168.146.106:8000/bom/setup/1/copy', 'user copy data bom', 'PUT', '192.168.146.106', 'Mozilla/5.0 (Windows NT 10.0; Win64; x64) AppleWebKit/537.36 (KHTML, like Gecko) Chrome/115.0.0.0 Safari/537.36', '2023-08-13 01:33:42', '2023-08-13 01:33:42'),
	(125, 2, 'http://192.168.146.106:8000/bom/setup/3', 'user update data bom', 'PUT', '192.168.146.106', 'Mozilla/5.0 (Windows NT 10.0; Win64; x64) AppleWebKit/537.36 (KHTML, like Gecko) Chrome/115.0.0.0 Safari/537.36', '2023-08-13 01:34:32', '2023-08-13 01:34:32'),
	(126, 2, 'http://192.168.146.106:8000/bom/approval_rnd_atasan/3', 'user update data bom atasan', 'PUT', '192.168.146.106', 'Mozilla/5.0 (Windows NT 10.0; Win64; x64) AppleWebKit/537.36 (KHTML, like Gecko) Chrome/115.0.0.0 Safari/537.36', '2023-08-13 01:34:56', '2023-08-13 01:34:56'),
	(127, 2, 'http://192.168.146.106:8000/bom/setup', 'user store data bom', 'POST', '192.168.146.106', 'Mozilla/5.0 (Windows NT 10.0; Win64; x64) AppleWebKit/537.36 (KHTML, like Gecko) Chrome/115.0.0.0 Safari/537.36', '2023-08-13 01:41:04', '2023-08-13 01:41:04'),
	(128, 2, 'http://192.168.146.106:8000/bom/setup/5', 'user update data bom', 'PUT', '192.168.146.106', 'Mozilla/5.0 (Windows NT 10.0; Win64; x64) AppleWebKit/537.36 (KHTML, like Gecko) Chrome/115.0.0.0 Safari/537.36', '2023-08-13 01:42:47', '2023-08-13 01:42:47'),
	(129, 2, 'http://192.168.146.106:8000/bom/approval_rnd_atasan/5', 'user update data bom atasan', 'PUT', '192.168.146.106', 'Mozilla/5.0 (Windows NT 10.0; Win64; x64) AppleWebKit/537.36 (KHTML, like Gecko) Chrome/115.0.0.0 Safari/537.36', '2023-08-13 01:43:19', '2023-08-13 01:43:19'),
	(130, 2, 'http://192.168.146.106:8000/bom/setup', 'user store data bom', 'POST', '192.168.146.106', 'Mozilla/5.0 (Windows NT 10.0; Win64; x64) AppleWebKit/537.36 (KHTML, like Gecko) Chrome/115.0.0.0 Safari/537.36', '2023-08-13 01:49:23', '2023-08-13 01:49:23'),
	(131, 2, 'http://192.168.146.106:8000/bom/setup/6', 'user update data bom', 'PUT', '192.168.146.106', 'Mozilla/5.0 (Windows NT 10.0; Win64; x64) AppleWebKit/537.36 (KHTML, like Gecko) Chrome/115.0.0.0 Safari/537.36', '2023-08-13 01:51:27', '2023-08-13 01:51:27'),
	(132, 2, 'http://192.168.146.106:8000/bom/approval_rnd_atasan/6', 'user update data bom atasan', 'PUT', '192.168.146.106', 'Mozilla/5.0 (Windows NT 10.0; Win64; x64) AppleWebKit/537.36 (KHTML, like Gecko) Chrome/115.0.0.0 Safari/537.36', '2023-08-13 01:53:28', '2023-08-13 01:53:28'),
	(133, 2, 'http://192.168.146.106:8000/ppic/production_plan', 'user store data ppic', 'POST', '192.168.146.106', 'Mozilla/5.0 (Windows NT 10.0; Win64; x64) AppleWebKit/537.36 (KHTML, like Gecko) Chrome/115.0.0.0 Safari/537.36', '2023-08-13 02:17:46', '2023-08-13 02:17:46'),
	(134, 2, 'http://192.168.146.106:8000/ppic/production_plan', 'user store data ppic', 'POST', '192.168.146.106', 'Mozilla/5.0 (Windows NT 10.0; Win64; x64) AppleWebKit/537.36 (KHTML, like Gecko) Chrome/115.0.0.0 Safari/537.36', '2023-08-13 02:23:17', '2023-08-13 02:23:17'),
	(135, 2, 'http://192.168.146.106:8000/ppic/production_plan', 'user store data ppic', 'POST', '192.168.146.106', 'Mozilla/5.0 (Windows NT 10.0; Win64; x64) AppleWebKit/537.36 (KHTML, like Gecko) Chrome/115.0.0.0 Safari/537.36', '2023-08-13 02:31:41', '2023-08-13 02:31:41'),
	(136, 2, 'http://192.168.146.106:8000/ppic/production_plan/1', 'user update data ppic', 'PUT', '192.168.146.106', 'Mozilla/5.0 (Windows NT 10.0; Win64; x64) AppleWebKit/537.36 (KHTML, like Gecko) Chrome/115.0.0.0 Safari/537.36', '2023-08-13 02:31:55', '2023-08-13 02:31:55'),
	(137, 2, 'http://192.168.146.106:8000/ppic/approval_ppic_atasan/1', 'user update data ppic atasan', 'PUT', '192.168.146.106', 'Mozilla/5.0 (Windows NT 10.0; Win64; x64) AppleWebKit/537.36 (KHTML, like Gecko) Chrome/115.0.0.0 Safari/537.36', '2023-08-13 02:38:40', '2023-08-13 02:38:40'),
	(138, 2, 'http://192.168.117.177:8000/admin/permission', 'user store data permission', 'POST', '192.168.117.177', 'Mozilla/5.0 (Windows NT 10.0; Win64; x64) AppleWebKit/537.36 (KHTML, like Gecko) Chrome/115.0.0.0 Safari/537.36', '2023-08-13 20:39:58', '2023-08-13 20:39:58'),
	(139, 2, 'http://192.168.117.177:8000/admin/permission', 'user store data permission', 'POST', '192.168.117.177', 'Mozilla/5.0 (Windows NT 10.0; Win64; x64) AppleWebKit/537.36 (KHTML, like Gecko) Chrome/115.0.0.0 Safari/537.36', '2023-08-13 20:40:04', '2023-08-13 20:40:04'),
	(140, 2, 'http://192.168.117.177:8000/admin/permission', 'user store data permission', 'POST', '192.168.117.177', 'Mozilla/5.0 (Windows NT 10.0; Win64; x64) AppleWebKit/537.36 (KHTML, like Gecko) Chrome/115.0.0.0 Safari/537.36', '2023-08-13 20:40:11', '2023-08-13 20:40:11'),
	(141, 2, 'http://192.168.117.177:8000/admin/permission', 'user store data permission', 'POST', '192.168.117.177', 'Mozilla/5.0 (Windows NT 10.0; Win64; x64) AppleWebKit/537.36 (KHTML, like Gecko) Chrome/115.0.0.0 Safari/537.36', '2023-08-13 20:40:18', '2023-08-13 20:40:18'),
	(142, 2, 'http://192.168.117.177:8000/admin/role/2', 'user update data role', 'PUT', '192.168.117.177', 'Mozilla/5.0 (Windows NT 10.0; Win64; x64) AppleWebKit/537.36 (KHTML, like Gecko) Chrome/115.0.0.0 Safari/537.36', '2023-08-13 20:40:30', '2023-08-13 20:40:30'),
	(143, 2, 'http://192.168.117.177:8000/bom/setup', 'user store data bom', 'POST', '192.168.117.177', 'Mozilla/5.0 (Windows NT 10.0; Win64; x64) AppleWebKit/537.36 (KHTML, like Gecko) Chrome/115.0.0.0 Safari/537.36', '2023-08-17 20:59:24', '2023-08-17 20:59:24'),
	(144, 2, 'http://192.168.117.177:8000/bom/setup/1', 'user update data bom', 'PUT', '192.168.117.177', 'Mozilla/5.0 (Windows NT 10.0; Win64; x64) AppleWebKit/537.36 (KHTML, like Gecko) Chrome/115.0.0.0 Safari/537.36', '2023-08-17 21:00:31', '2023-08-17 21:00:31'),
	(145, 2, 'http://192.168.117.177:8000/bom/approval_rnd_atasan/1', 'user update data bom atasan', 'PUT', '192.168.117.177', 'Mozilla/5.0 (Windows NT 10.0; Win64; x64) AppleWebKit/537.36 (KHTML, like Gecko) Chrome/115.0.0.0 Safari/537.36', '2023-08-17 21:00:53', '2023-08-17 21:00:53'),
	(146, 2, 'http://192.168.117.177:8000/bom/setup', 'user store data bom', 'POST', '192.168.117.177', 'Mozilla/5.0 (Windows NT 10.0; Win64; x64) AppleWebKit/537.36 (KHTML, like Gecko) Chrome/115.0.0.0 Safari/537.36', '2023-08-17 21:05:25', '2023-08-17 21:05:25'),
	(147, 2, 'http://192.168.117.177:8000/bom/setup/2', 'user update data bom', 'PUT', '192.168.117.177', 'Mozilla/5.0 (Windows NT 10.0; Win64; x64) AppleWebKit/537.36 (KHTML, like Gecko) Chrome/115.0.0.0 Safari/537.36', '2023-08-17 21:15:16', '2023-08-17 21:15:16'),
	(148, 2, 'http://192.168.117.177:8000/bom/approval_rnd_atasan/2', 'user update data bom atasan', 'PUT', '192.168.117.177', 'Mozilla/5.0 (Windows NT 10.0; Win64; x64) AppleWebKit/537.36 (KHTML, like Gecko) Chrome/115.0.0.0 Safari/537.36', '2023-08-17 21:16:59', '2023-08-17 21:16:59'),
	(149, 2, 'http://192.168.117.177:8000/bom/setup', 'user store data bom', 'POST', '192.168.117.177', 'Mozilla/5.0 (Windows NT 10.0; Win64; x64) AppleWebKit/537.36 (KHTML, like Gecko) Chrome/115.0.0.0 Safari/537.36', '2023-08-17 21:26:42', '2023-08-17 21:26:42'),
	(150, 2, 'http://192.168.117.177:8000/bom/setup/3', 'user update data bom', 'PUT', '192.168.117.177', 'Mozilla/5.0 (Windows NT 10.0; Win64; x64) AppleWebKit/537.36 (KHTML, like Gecko) Chrome/115.0.0.0 Safari/537.36', '2023-08-17 21:35:18', '2023-08-17 21:35:18'),
	(151, 2, 'http://192.168.117.177:8000/bom/setup/3', 'user update data bom', 'PUT', '192.168.117.177', 'Mozilla/5.0 (Windows NT 10.0; Win64; x64) AppleWebKit/537.36 (KHTML, like Gecko) Chrome/115.0.0.0 Safari/537.36', '2023-08-17 21:35:19', '2023-08-17 21:35:19'),
	(152, 2, 'http://192.168.117.177:8000/bom/approval_rnd_atasan/3', 'user update data bom atasan', 'PUT', '192.168.117.177', 'Mozilla/5.0 (Windows NT 10.0; Win64; x64) AppleWebKit/537.36 (KHTML, like Gecko) Chrome/115.0.0.0 Safari/537.36', '2023-08-17 21:36:19', '2023-08-17 21:36:19'),
	(153, 2, 'http://192.168.117.177:8000/bom/setup', 'user store data bom', 'POST', '192.168.117.177', 'Mozilla/5.0 (Windows NT 10.0; Win64; x64) AppleWebKit/537.36 (KHTML, like Gecko) Chrome/115.0.0.0 Safari/537.36', '2023-08-20 19:50:34', '2023-08-20 19:50:34'),
	(154, 2, 'http://192.168.117.177:8000/bom/setup/1', 'user update data bom', 'PUT', '192.168.117.177', 'Mozilla/5.0 (Windows NT 10.0; Win64; x64) AppleWebKit/537.36 (KHTML, like Gecko) Chrome/115.0.0.0 Safari/537.36', '2023-08-20 19:51:23', '2023-08-20 19:51:23'),
	(155, 2, 'http://192.168.117.177:8000/bom/approval_rnd_atasan/1', 'user update data bom atasan', 'PUT', '192.168.117.177', 'Mozilla/5.0 (Windows NT 10.0; Win64; x64) AppleWebKit/537.36 (KHTML, like Gecko) Chrome/115.0.0.0 Safari/537.36', '2023-08-20 20:01:29', '2023-08-20 20:01:29'),
	(156, 2, 'http://192.168.117.177:8000/bom/setup', 'user store data bom', 'POST', '192.168.117.177', 'Mozilla/5.0 (Windows NT 10.0; Win64; x64) AppleWebKit/537.36 (KHTML, like Gecko) Chrome/115.0.0.0 Safari/537.36', '2023-08-20 20:04:33', '2023-08-20 20:04:33'),
	(157, 2, 'http://192.168.117.177:8000/bom/setup/2', 'user update data bom', 'PUT', '192.168.117.177', 'Mozilla/5.0 (Windows NT 10.0; Win64; x64) AppleWebKit/537.36 (KHTML, like Gecko) Chrome/115.0.0.0 Safari/537.36', '2023-08-20 20:06:26', '2023-08-20 20:06:26'),
	(158, 2, 'http://192.168.117.177:8000/bom/approval_rnd_atasan/2', 'user update data bom atasan', 'PUT', '192.168.117.177', 'Mozilla/5.0 (Windows NT 10.0; Win64; x64) AppleWebKit/537.36 (KHTML, like Gecko) Chrome/115.0.0.0 Safari/537.36', '2023-08-20 20:06:56', '2023-08-20 20:06:56'),
	(159, 2, 'http://192.168.117.177:8000/bom/setup', 'user store data bom', 'POST', '192.168.117.177', 'Mozilla/5.0 (Windows NT 10.0; Win64; x64) AppleWebKit/537.36 (KHTML, like Gecko) Chrome/115.0.0.0 Safari/537.36', '2023-08-20 20:08:27', '2023-08-20 20:08:27'),
	(160, 2, 'http://192.168.117.177:8000/bom/setup/3', 'user update data bom', 'PUT', '192.168.117.177', 'Mozilla/5.0 (Windows NT 10.0; Win64; x64) AppleWebKit/537.36 (KHTML, like Gecko) Chrome/115.0.0.0 Safari/537.36', '2023-08-20 20:09:35', '2023-08-20 20:09:35'),
	(161, 2, 'http://192.168.117.177:8000/bom/approval_rnd_atasan/3', 'user update data bom atasan', 'PUT', '192.168.117.177', 'Mozilla/5.0 (Windows NT 10.0; Win64; x64) AppleWebKit/537.36 (KHTML, like Gecko) Chrome/115.0.0.0 Safari/537.36', '2023-08-20 20:10:01', '2023-08-20 20:10:01'),
	(162, 2, 'http://192.168.117.177:8000/ppic/production_plan', 'user store data ppic', 'POST', '192.168.117.177', 'Mozilla/5.0 (Windows NT 10.0; Win64; x64) AppleWebKit/537.36 (KHTML, like Gecko) Chrome/115.0.0.0 Safari/537.36', '2023-08-20 21:43:46', '2023-08-20 21:43:46'),
	(163, 2, 'http://192.168.117.177:8000/ppic/production_plan', 'user store data ppic', 'POST', '192.168.117.177', 'Mozilla/5.0 (Windows NT 10.0; Win64; x64) AppleWebKit/537.36 (KHTML, like Gecko) Chrome/115.0.0.0 Safari/537.36', '2023-08-20 21:45:29', '2023-08-20 21:45:29'),
	(164, 2, 'http://192.168.117.177:8000/ppic/production_plan', 'user store data ppic', 'POST', '192.168.117.177', 'Mozilla/5.0 (Windows NT 10.0; Win64; x64) AppleWebKit/537.36 (KHTML, like Gecko) Chrome/115.0.0.0 Safari/537.36', '2023-08-21 00:54:42', '2023-08-21 00:54:42'),
	(165, 2, 'http://192.168.117.177:8000/ppic/production_plan/1', 'user update data ppic', 'PUT', '192.168.117.177', 'Mozilla/5.0 (Windows NT 10.0; Win64; x64) AppleWebKit/537.36 (KHTML, like Gecko) Chrome/115.0.0.0 Safari/537.36', '2023-08-21 01:03:43', '2023-08-21 01:03:43'),
	(166, 2, 'http://192.168.117.177:8000/ppic/production_plan', 'user store data ppic', 'POST', '192.168.117.177', 'Mozilla/5.0 (Windows NT 10.0; Win64; x64) AppleWebKit/537.36 (KHTML, like Gecko) Chrome/115.0.0.0 Safari/537.36', '2023-08-21 01:39:31', '2023-08-21 01:39:31'),
	(167, 2, 'http://192.168.117.177:8000/ppic/production_plan/1', 'user update data ppic', 'PUT', '192.168.117.177', 'Mozilla/5.0 (Windows NT 10.0; Win64; x64) AppleWebKit/537.36 (KHTML, like Gecko) Chrome/115.0.0.0 Safari/537.36', '2023-08-21 01:40:36', '2023-08-21 01:40:36'),
	(168, 2, 'http://192.168.117.177:8000/ppic/production_plan/1', 'user update data ppic', 'PUT', '192.168.117.177', 'Mozilla/5.0 (Windows NT 10.0; Win64; x64) AppleWebKit/537.36 (KHTML, like Gecko) Chrome/115.0.0.0 Safari/537.36', '2023-08-21 01:43:24', '2023-08-21 01:43:24'),
	(169, 2, 'http://192.168.117.177:8000/ppic/production_plan', 'user store data ppic', 'POST', '192.168.117.177', 'Mozilla/5.0 (Windows NT 10.0; Win64; x64) AppleWebKit/537.36 (KHTML, like Gecko) Chrome/115.0.0.0 Safari/537.36', '2023-08-21 01:52:17', '2023-08-21 01:52:17'),
	(170, 2, 'http://192.168.117.177:8000/ppic/production_plan/1', 'user update data ppic', 'PUT', '192.168.117.177', 'Mozilla/5.0 (Windows NT 10.0; Win64; x64) AppleWebKit/537.36 (KHTML, like Gecko) Chrome/115.0.0.0 Safari/537.36', '2023-08-21 01:52:24', '2023-08-21 01:52:24'),
	(171, 2, 'http://192.168.117.177:8000/ppic/production_plan', 'user store data ppic', 'POST', '192.168.117.177', 'Mozilla/5.0 (Windows NT 10.0; Win64; x64) AppleWebKit/537.36 (KHTML, like Gecko) Chrome/115.0.0.0 Safari/537.36', '2023-08-21 01:54:08', '2023-08-21 01:54:08'),
	(172, 2, 'http://192.168.117.177:8000/ppic/production_plan/1', 'user update data ppic', 'PUT', '192.168.117.177', 'Mozilla/5.0 (Windows NT 10.0; Win64; x64) AppleWebKit/537.36 (KHTML, like Gecko) Chrome/115.0.0.0 Safari/537.36', '2023-08-21 01:54:16', '2023-08-21 01:54:16'),
	(173, 2, 'http://192.168.117.177:8000/ppic/approval_ppic_atasan/1', 'user update data ppic atasan', 'PUT', '192.168.117.177', 'Mozilla/5.0 (Windows NT 10.0; Win64; x64) AppleWebKit/537.36 (KHTML, like Gecko) Chrome/115.0.0.0 Safari/537.36', '2023-08-21 01:56:05', '2023-08-21 01:56:05'),
	(174, 2, 'http://192.168.117.177:8000/ppic/production_plan', 'user store data ppic', 'POST', '192.168.117.177', 'Mozilla/5.0 (Windows NT 10.0; Win64; x64) AppleWebKit/537.36 (KHTML, like Gecko) Chrome/116.0.0.0 Safari/537.36', '2023-08-21 19:21:00', '2023-08-21 19:21:00'),
	(175, 2, 'http://192.168.117.177:8000/ppic/production_plan', 'user store data ppic', 'POST', '192.168.117.177', 'Mozilla/5.0 (Windows NT 10.0; Win64; x64) AppleWebKit/537.36 (KHTML, like Gecko) Chrome/116.0.0.0 Safari/537.36', '2023-08-21 19:25:36', '2023-08-21 19:25:36'),
	(176, 2, 'http://192.168.117.177:8000/ppic/production_plan/1', 'user update data ppic', 'PUT', '192.168.117.177', 'Mozilla/5.0 (Windows NT 10.0; Win64; x64) AppleWebKit/537.36 (KHTML, like Gecko) Chrome/116.0.0.0 Safari/537.36', '2023-08-21 19:28:45', '2023-08-21 19:28:45'),
	(177, 2, 'http://192.168.117.177:8000/ppic/approval_ppic_atasan/1', 'user update data ppic atasan', 'PUT', '192.168.117.177', 'Mozilla/5.0 (Windows NT 10.0; Win64; x64) AppleWebKit/537.36 (KHTML, like Gecko) Chrome/116.0.0.0 Safari/537.36', '2023-08-21 20:00:55', '2023-08-21 20:00:55'),
	(178, 2, 'http://192.168.117.177:8000/ppic/production_plan', 'user store data ppic', 'POST', '192.168.117.177', 'Mozilla/5.0 (Windows NT 10.0; Win64; x64) AppleWebKit/537.36 (KHTML, like Gecko) Chrome/116.0.0.0 Safari/537.36', '2023-08-21 21:34:10', '2023-08-21 21:34:10'),
	(179, 2, 'http://192.168.117.177:8000/ppic/production_plan/1', 'user update data ppic', 'PUT', '192.168.117.177', 'Mozilla/5.0 (Windows NT 10.0; Win64; x64) AppleWebKit/537.36 (KHTML, like Gecko) Chrome/116.0.0.0 Safari/537.36', '2023-08-21 21:34:15', '2023-08-21 21:34:15'),
	(180, 2, 'http://192.168.117.177:8000/ppic/approval_ppic_atasan/1', 'user update data ppic atasan', 'PUT', '192.168.117.177', 'Mozilla/5.0 (Windows NT 10.0; Win64; x64) AppleWebKit/537.36 (KHTML, like Gecko) Chrome/116.0.0.0 Safari/537.36', '2023-08-21 21:34:25', '2023-08-21 21:34:25'),
	(181, 2, 'http://192.168.117.177:8000/ppic/production_plan', 'user store data ppic', 'POST', '192.168.117.177', 'Mozilla/5.0 (Windows NT 10.0; Win64; x64) AppleWebKit/537.36 (KHTML, like Gecko) Chrome/116.0.0.0 Safari/537.36', '2023-08-21 21:53:28', '2023-08-21 21:53:28'),
	(182, 2, 'http://192.168.117.177:8000/ppic/production_plan/1', 'user update data ppic', 'PUT', '192.168.117.177', 'Mozilla/5.0 (Windows NT 10.0; Win64; x64) AppleWebKit/537.36 (KHTML, like Gecko) Chrome/116.0.0.0 Safari/537.36', '2023-08-21 21:53:49', '2023-08-21 21:53:49'),
	(183, 2, 'http://192.168.117.177:8000/ppic/approval_ppic_atasan/1', 'user update data ppic atasan', 'PUT', '192.168.117.177', 'Mozilla/5.0 (Windows NT 10.0; Win64; x64) AppleWebKit/537.36 (KHTML, like Gecko) Chrome/116.0.0.0 Safari/537.36', '2023-08-21 21:54:04', '2023-08-21 21:54:04'),
	(184, 2, 'http://192.168.117.177:8000/ppic/production_plan', 'user store data ppic', 'POST', '192.168.117.177', 'Mozilla/5.0 (Windows NT 10.0; Win64; x64) AppleWebKit/537.36 (KHTML, like Gecko) Chrome/116.0.0.0 Safari/537.36', '2023-08-21 21:57:01', '2023-08-21 21:57:01'),
	(185, 2, 'http://192.168.117.177:8000/ppic/production_plan', 'user store data ppic', 'POST', '192.168.117.177', 'Mozilla/5.0 (Windows NT 10.0; Win64; x64) AppleWebKit/537.36 (KHTML, like Gecko) Chrome/116.0.0.0 Safari/537.36', '2023-08-21 21:59:13', '2023-08-21 21:59:13'),
	(186, 2, 'http://192.168.117.177:8000/ppic/production_plan/1', 'user update data ppic', 'PUT', '192.168.117.177', 'Mozilla/5.0 (Windows NT 10.0; Win64; x64) AppleWebKit/537.36 (KHTML, like Gecko) Chrome/116.0.0.0 Safari/537.36', '2023-08-21 21:59:33', '2023-08-21 21:59:33'),
	(187, 2, 'http://192.168.117.177:8000/ppic/approval_ppic_atasan/1', 'user update data ppic atasan', 'PUT', '192.168.117.177', 'Mozilla/5.0 (Windows NT 10.0; Win64; x64) AppleWebKit/537.36 (KHTML, like Gecko) Chrome/116.0.0.0 Safari/537.36', '2023-08-21 23:43:39', '2023-08-21 23:43:39'),
	(188, 2, 'http://192.168.117.177:8000/master/item', 'user store data master item', 'POST', '192.168.117.177', 'Mozilla/5.0 (Windows NT 10.0; Win64; x64) AppleWebKit/537.36 (KHTML, like Gecko) Chrome/116.0.0.0 Safari/537.36', '2023-08-22 00:10:46', '2023-08-22 00:10:46'),
	(189, 2, 'http://192.168.117.177:8000/master/item', 'user store data master item', 'POST', '192.168.117.177', 'Mozilla/5.0 (Windows NT 10.0; Win64; x64) AppleWebKit/537.36 (KHTML, like Gecko) Chrome/116.0.0.0 Safari/537.36', '2023-08-22 00:11:23', '2023-08-22 00:11:23'),
	(190, 2, 'http://192.168.117.177:8000/master/item', 'user store data master item', 'POST', '192.168.117.177', 'Mozilla/5.0 (Windows NT 10.0; Win64; x64) AppleWebKit/537.36 (KHTML, like Gecko) Chrome/116.0.0.0 Safari/537.36', '2023-08-22 00:12:05', '2023-08-22 00:12:05'),
	(191, 2, 'http://192.168.117.177:8000/master/item', 'user store data master item', 'POST', '192.168.117.177', 'Mozilla/5.0 (Windows NT 10.0; Win64; x64) AppleWebKit/537.36 (KHTML, like Gecko) Chrome/116.0.0.0 Safari/537.36', '2023-08-22 00:13:45', '2023-08-22 00:13:45'),
	(192, 2, 'http://192.168.117.177:8000/master/item', 'user store data master item', 'POST', '192.168.117.177', 'Mozilla/5.0 (Windows NT 10.0; Win64; x64) AppleWebKit/537.36 (KHTML, like Gecko) Chrome/116.0.0.0 Safari/537.36', '2023-08-22 00:14:17', '2023-08-22 00:14:17'),
	(193, 2, 'http://192.168.117.177:8000/master/item', 'user store data master item', 'POST', '192.168.117.177', 'Mozilla/5.0 (Windows NT 10.0; Win64; x64) AppleWebKit/537.36 (KHTML, like Gecko) Chrome/116.0.0.0 Safari/537.36', '2023-08-22 00:15:02', '2023-08-22 00:15:02'),
	(194, 2, 'http://192.168.117.177:8000/master/item', 'user store data master item', 'POST', '192.168.117.177', 'Mozilla/5.0 (Windows NT 10.0; Win64; x64) AppleWebKit/537.36 (KHTML, like Gecko) Chrome/116.0.0.0 Safari/537.36', '2023-08-22 00:15:59', '2023-08-22 00:15:59'),
	(195, 2, 'http://192.168.117.177:8000/master/item', 'user store data master item', 'POST', '192.168.117.177', 'Mozilla/5.0 (Windows NT 10.0; Win64; x64) AppleWebKit/537.36 (KHTML, like Gecko) Chrome/116.0.0.0 Safari/537.36', '2023-08-22 00:23:52', '2023-08-22 00:23:52'),
	(196, 2, 'http://192.168.117.177:8000/master/produk', 'user store data produk', 'POST', '192.168.117.177', 'Mozilla/5.0 (Windows NT 10.0; Win64; x64) AppleWebKit/537.36 (KHTML, like Gecko) Chrome/116.0.0.0 Safari/537.36', '2023-08-22 00:43:18', '2023-08-22 00:43:18'),
	(197, 2, 'http://192.168.117.177:8000/master/produk', 'user store data produk', 'POST', '192.168.117.177', 'Mozilla/5.0 (Windows NT 10.0; Win64; x64) AppleWebKit/537.36 (KHTML, like Gecko) Chrome/116.0.0.0 Safari/537.36', '2023-08-22 00:43:28', '2023-08-22 00:43:28'),
	(198, 2, 'http://192.168.117.177:8000/master/produk', 'user store data produk', 'POST', '192.168.117.177', 'Mozilla/5.0 (Windows NT 10.0; Win64; x64) AppleWebKit/537.36 (KHTML, like Gecko) Chrome/116.0.0.0 Safari/537.36', '2023-08-22 00:43:41', '2023-08-22 00:43:41'),
	(199, 2, 'http://192.168.117.177:8000/bom/setup', 'user store data bom', 'POST', '192.168.117.177', 'Mozilla/5.0 (Windows NT 10.0; Win64; x64) AppleWebKit/537.36 (KHTML, like Gecko) Chrome/116.0.0.0 Safari/537.36', '2023-08-22 00:46:24', '2023-08-22 00:46:24'),
	(200, 2, 'http://192.168.117.177:8000/bom/setup/4', 'user update data bom', 'PUT', '192.168.117.177', 'Mozilla/5.0 (Windows NT 10.0; Win64; x64) AppleWebKit/537.36 (KHTML, like Gecko) Chrome/116.0.0.0 Safari/537.36', '2023-08-22 00:46:50', '2023-08-22 00:46:50'),
	(201, 2, 'http://192.168.117.177:8000/bom/approval_rnd_atasan/4', 'user update data bom atasan', 'PUT', '192.168.117.177', 'Mozilla/5.0 (Windows NT 10.0; Win64; x64) AppleWebKit/537.36 (KHTML, like Gecko) Chrome/116.0.0.0 Safari/537.36', '2023-08-22 00:48:12', '2023-08-22 00:48:12'),
	(202, 2, 'http://192.168.117.177:8000/bom/setup', 'user store data bom', 'POST', '192.168.117.177', 'Mozilla/5.0 (Windows NT 10.0; Win64; x64) AppleWebKit/537.36 (KHTML, like Gecko) Chrome/116.0.0.0 Safari/537.36', '2023-08-22 00:48:33', '2023-08-22 00:48:33'),
	(203, 2, 'http://192.168.117.177:8000/bom/setup/5', 'user update data bom', 'PUT', '192.168.117.177', 'Mozilla/5.0 (Windows NT 10.0; Win64; x64) AppleWebKit/537.36 (KHTML, like Gecko) Chrome/116.0.0.0 Safari/537.36', '2023-08-22 01:10:45', '2023-08-22 01:10:45'),
	(204, 2, 'http://192.168.117.177:8000/bom/approval_rnd_atasan/5', 'user update data bom atasan', 'PUT', '192.168.117.177', 'Mozilla/5.0 (Windows NT 10.0; Win64; x64) AppleWebKit/537.36 (KHTML, like Gecko) Chrome/116.0.0.0 Safari/537.36', '2023-08-22 01:10:57', '2023-08-22 01:10:57'),
	(205, 2, 'http://192.168.117.177:8000/bom/setup', 'user store data bom', 'POST', '192.168.117.177', 'Mozilla/5.0 (Windows NT 10.0; Win64; x64) AppleWebKit/537.36 (KHTML, like Gecko) Chrome/116.0.0.0 Safari/537.36', '2023-08-22 01:18:15', '2023-08-22 01:18:15'),
	(206, 2, 'http://192.168.117.177:8000/bom/setup/6', 'user update data bom', 'PUT', '192.168.117.177', 'Mozilla/5.0 (Windows NT 10.0; Win64; x64) AppleWebKit/537.36 (KHTML, like Gecko) Chrome/116.0.0.0 Safari/537.36', '2023-08-22 01:22:43', '2023-08-22 01:22:43'),
	(207, 2, 'http://192.168.117.177:8000/bom/approval_rnd_atasan/6', 'user update data bom atasan', 'PUT', '192.168.117.177', 'Mozilla/5.0 (Windows NT 10.0; Win64; x64) AppleWebKit/537.36 (KHTML, like Gecko) Chrome/116.0.0.0 Safari/537.36', '2023-08-22 01:23:09', '2023-08-22 01:23:09'),
	(208, 2, 'http://192.168.117.177:8000/ppic/production_plan', 'user store data ppic', 'POST', '192.168.117.177', 'Mozilla/5.0 (Windows NT 10.0; Win64; x64) AppleWebKit/537.36 (KHTML, like Gecko) Chrome/116.0.0.0 Safari/537.36', '2023-08-22 01:30:50', '2023-08-22 01:30:50'),
	(209, 2, 'http://192.168.117.177:8000/ppic/production_plan/1', 'user update data ppic', 'PUT', '192.168.117.177', 'Mozilla/5.0 (Windows NT 10.0; Win64; x64) AppleWebKit/537.36 (KHTML, like Gecko) Chrome/116.0.0.0 Safari/537.36', '2023-08-22 01:30:56', '2023-08-22 01:30:56'),
	(210, 2, 'http://192.168.117.177:8000/ppic/approval_ppic_atasan/1', 'user update data ppic atasan', 'PUT', '192.168.117.177', 'Mozilla/5.0 (Windows NT 10.0; Win64; x64) AppleWebKit/537.36 (KHTML, like Gecko) Chrome/116.0.0.0 Safari/537.36', '2023-08-22 01:31:27', '2023-08-22 01:31:27'),
	(211, 2, 'http://192.168.117.177:8000/bom/setup', 'user store data bom', 'POST', '192.168.117.177', 'Mozilla/5.0 (Windows NT 10.0; Win64; x64) AppleWebKit/537.36 (KHTML, like Gecko) Chrome/116.0.0.0 Safari/537.36', '2023-08-29 00:00:08', '2023-08-29 00:00:08'),
	(212, 2, 'http://192.168.117.177:8000/bom/setup/1', 'user update data bom', 'PUT', '192.168.117.177', 'Mozilla/5.0 (Windows NT 10.0; Win64; x64) AppleWebKit/537.36 (KHTML, like Gecko) Chrome/116.0.0.0 Safari/537.36', '2023-08-29 00:16:07', '2023-08-29 00:16:07'),
	(213, 2, 'http://192.168.117.177:8000/bom/approval_rnd_atasan/1', 'user update data bom atasan', 'PUT', '192.168.117.177', 'Mozilla/5.0 (Windows NT 10.0; Win64; x64) AppleWebKit/537.36 (KHTML, like Gecko) Chrome/116.0.0.0 Safari/537.36', '2023-08-29 00:20:00', '2023-08-29 00:20:00'),
	(214, 2, 'http://192.168.117.177:8000/bom/setup', 'user store data bom', 'POST', '192.168.117.177', 'Mozilla/5.0 (Windows NT 10.0; Win64; x64) AppleWebKit/537.36 (KHTML, like Gecko) Chrome/116.0.0.0 Safari/537.36', '2023-08-29 00:28:11', '2023-08-29 00:28:11'),
	(215, 2, 'http://192.168.117.177:8000/bom/setup/2', 'user update data bom', 'PUT', '192.168.117.177', 'Mozilla/5.0 (Windows NT 10.0; Win64; x64) AppleWebKit/537.36 (KHTML, like Gecko) Chrome/116.0.0.0 Safari/537.36', '2023-08-29 00:37:20', '2023-08-29 00:37:20'),
	(216, 2, 'http://192.168.117.177:8000/bom/approval_rnd_atasan/2', 'user update data bom atasan', 'PUT', '192.168.117.177', 'Mozilla/5.0 (Windows NT 10.0; Win64; x64) AppleWebKit/537.36 (KHTML, like Gecko) Chrome/116.0.0.0 Safari/537.36', '2023-08-29 00:38:43', '2023-08-29 00:38:43'),
	(217, 2, 'http://192.168.117.177:8000/bom/setup', 'user store data bom', 'POST', '192.168.117.177', 'Mozilla/5.0 (Windows NT 10.0; Win64; x64) AppleWebKit/537.36 (KHTML, like Gecko) Chrome/116.0.0.0 Safari/537.36', '2023-08-29 01:01:27', '2023-08-29 01:01:27'),
	(218, 2, 'http://192.168.117.177:8000/bom/setup/3', 'user update data bom', 'PUT', '192.168.117.177', 'Mozilla/5.0 (Windows NT 10.0; Win64; x64) AppleWebKit/537.36 (KHTML, like Gecko) Chrome/116.0.0.0 Safari/537.36', '2023-08-29 01:04:50', '2023-08-29 01:04:50'),
	(219, 2, 'http://192.168.117.177:8000/bom/approval_rnd_atasan/3', 'user update data bom atasan', 'PUT', '192.168.117.177', 'Mozilla/5.0 (Windows NT 10.0; Win64; x64) AppleWebKit/537.36 (KHTML, like Gecko) Chrome/116.0.0.0 Safari/537.36', '2023-08-29 01:05:00', '2023-08-29 01:05:00'),
	(220, 2, 'http://192.168.117.177:8000/bom/setup', 'user store data bom', 'POST', '192.168.117.177', 'Mozilla/5.0 (Windows NT 10.0; Win64; x64) AppleWebKit/537.36 (KHTML, like Gecko) Chrome/116.0.0.0 Safari/537.36', '2023-08-29 01:08:04', '2023-08-29 01:08:04'),
	(221, 2, 'http://192.168.117.177:8000/bom/setup/4', 'user update data bom', 'PUT', '192.168.117.177', 'Mozilla/5.0 (Windows NT 10.0; Win64; x64) AppleWebKit/537.36 (KHTML, like Gecko) Chrome/116.0.0.0 Safari/537.36', '2023-08-29 01:11:36', '2023-08-29 01:11:36'),
	(222, 2, 'http://192.168.117.177:8000/bom/approval_rnd_atasan/4', 'user update data bom atasan', 'PUT', '192.168.117.177', 'Mozilla/5.0 (Windows NT 10.0; Win64; x64) AppleWebKit/537.36 (KHTML, like Gecko) Chrome/116.0.0.0 Safari/537.36', '2023-08-29 01:11:54', '2023-08-29 01:11:54'),
	(223, 2, 'http://192.168.117.177:8000/bom/setup', 'user store data bom', 'POST', '192.168.117.177', 'Mozilla/5.0 (Windows NT 10.0; Win64; x64) AppleWebKit/537.36 (KHTML, like Gecko) Chrome/116.0.0.0 Safari/537.36', '2023-08-29 01:22:58', '2023-08-29 01:22:58'),
	(224, 2, 'http://192.168.117.177:8000/bom/setup/5', 'user update data bom', 'PUT', '192.168.117.177', 'Mozilla/5.0 (Windows NT 10.0; Win64; x64) AppleWebKit/537.36 (KHTML, like Gecko) Chrome/116.0.0.0 Safari/537.36', '2023-08-29 01:23:47', '2023-08-29 01:23:47'),
	(225, 2, 'http://192.168.117.177:8000/bom/approval_rnd_atasan/5', 'user update data bom atasan', 'PUT', '192.168.117.177', 'Mozilla/5.0 (Windows NT 10.0; Win64; x64) AppleWebKit/537.36 (KHTML, like Gecko) Chrome/116.0.0.0 Safari/537.36', '2023-08-29 01:23:57', '2023-08-29 01:23:57'),
	(226, 2, 'http://192.168.117.177:8000/bom/setup', 'user store data bom', 'POST', '192.168.117.177', 'Mozilla/5.0 (Windows NT 10.0; Win64; x64) AppleWebKit/537.36 (KHTML, like Gecko) Chrome/116.0.0.0 Safari/537.36', '2023-08-29 01:25:34', '2023-08-29 01:25:34'),
	(227, 2, 'http://192.168.117.177:8000/bom/setup/6', 'user update data bom', 'PUT', '192.168.117.177', 'Mozilla/5.0 (Windows NT 10.0; Win64; x64) AppleWebKit/537.36 (KHTML, like Gecko) Chrome/116.0.0.0 Safari/537.36', '2023-08-29 01:26:09', '2023-08-29 01:26:09'),
	(228, 2, 'http://192.168.117.177:8000/bom/approval_rnd_atasan/6', 'user update data bom atasan', 'PUT', '192.168.117.177', 'Mozilla/5.0 (Windows NT 10.0; Win64; x64) AppleWebKit/537.36 (KHTML, like Gecko) Chrome/116.0.0.0 Safari/537.36', '2023-08-29 01:26:20', '2023-08-29 01:26:20'),
	(229, 2, 'http://192.168.117.177:8000/ppic/production_plan', 'user store data ppic', 'POST', '192.168.117.177', 'Mozilla/5.0 (Windows NT 10.0; Win64; x64) AppleWebKit/537.36 (KHTML, like Gecko) Chrome/116.0.0.0 Safari/537.36', '2023-08-29 01:29:21', '2023-08-29 01:29:21'),
	(230, 2, 'http://192.168.117.177:8000/ppic/production_plan/1', 'user update data ppic', 'PUT', '192.168.117.177', 'Mozilla/5.0 (Windows NT 10.0; Win64; x64) AppleWebKit/537.36 (KHTML, like Gecko) Chrome/116.0.0.0 Safari/537.36', '2023-08-29 01:30:04', '2023-08-29 01:30:04'),
	(231, 2, 'http://192.168.117.177:8000/ppic/approval_ppic_atasan/1', 'user update data ppic atasan', 'PUT', '192.168.117.177', 'Mozilla/5.0 (Windows NT 10.0; Win64; x64) AppleWebKit/537.36 (KHTML, like Gecko) Chrome/116.0.0.0 Safari/537.36', '2023-08-29 01:30:30', '2023-08-29 01:30:30'),
	(232, 2, 'http://192.168.117.177:8000/admin/permission', 'user store data permission', 'POST', '192.168.117.177', 'Mozilla/5.0 (Windows NT 10.0; Win64; x64) AppleWebKit/537.36 (KHTML, like Gecko) Chrome/116.0.0.0 Safari/537.36', '2023-08-29 01:59:09', '2023-08-29 01:59:09'),
	(233, 2, 'http://192.168.117.177:8000/admin/permission', 'user store data permission', 'POST', '192.168.117.177', 'Mozilla/5.0 (Windows NT 10.0; Win64; x64) AppleWebKit/537.36 (KHTML, like Gecko) Chrome/116.0.0.0 Safari/537.36', '2023-08-29 01:59:15', '2023-08-29 01:59:15'),
	(234, 2, 'http://192.168.117.177:8000/admin/role/2', 'user update data role', 'PUT', '192.168.117.177', 'Mozilla/5.0 (Windows NT 10.0; Win64; x64) AppleWebKit/537.36 (KHTML, like Gecko) Chrome/116.0.0.0 Safari/537.36', '2023-08-29 02:01:10', '2023-08-29 02:01:10'),
	(235, 2, 'http://192.168.117.204:8000/req/bom', 'user store data req bom', 'POST', '192.168.117.204', 'Mozilla/5.0 (Windows NT 10.0; Win64; x64) AppleWebKit/537.36 (KHTML, like Gecko) Chrome/116.0.0.0 Safari/537.36', '2023-08-31 00:47:52', '2023-08-31 00:47:52'),
	(236, 2, 'http://192.168.117.204:8000/req/bom_produksi_atasan/1', 'user update data req bom produksi atasan', 'PUT', '192.168.117.204', 'Mozilla/5.0 (Windows NT 10.0; Win64; x64) AppleWebKit/537.36 (KHTML, like Gecko) Chrome/116.0.0.0 Safari/537.36', '2023-08-31 00:48:10', '2023-08-31 00:48:10'),
	(237, 2, 'http://192.168.117.204:8000/req/bom_rnd_atasan/1', 'user update data req bom rnd atasan', 'PUT', '192.168.117.204', 'Mozilla/5.0 (Windows NT 10.0; Win64; x64) AppleWebKit/537.36 (KHTML, like Gecko) Chrome/116.0.0.0 Safari/537.36', '2023-08-31 00:48:35', '2023-08-31 00:48:35'),
	(238, 2, 'http://192.168.117.204:8000/bom/setup/3/copy', 'user copy data bom', 'PUT', '192.168.117.204', 'Mozilla/5.0 (Windows NT 10.0; Win64; x64) AppleWebKit/537.36 (KHTML, like Gecko) Chrome/116.0.0.0 Safari/537.36', '2023-08-31 00:48:56', '2023-08-31 00:48:56'),
	(239, 2, 'http://192.168.117.177:8000/admin/permission', 'user store data permission', 'POST', '192.168.117.177', 'Mozilla/5.0 (Windows NT 10.0; Win64; x64) AppleWebKit/537.36 (KHTML, like Gecko) Chrome/116.0.0.0 Safari/537.36', '2023-09-14 00:59:13', '2023-09-14 00:59:13'),
	(240, 2, 'http://192.168.117.177:8000/admin/permission', 'user store data permission', 'POST', '192.168.117.177', 'Mozilla/5.0 (Windows NT 10.0; Win64; x64) AppleWebKit/537.36 (KHTML, like Gecko) Chrome/116.0.0.0 Safari/537.36', '2023-09-14 00:59:21', '2023-09-14 00:59:21'),
	(241, 2, 'http://192.168.117.177:8000/admin/permission', 'user store data permission', 'POST', '192.168.117.177', 'Mozilla/5.0 (Windows NT 10.0; Win64; x64) AppleWebKit/537.36 (KHTML, like Gecko) Chrome/116.0.0.0 Safari/537.36', '2023-09-14 00:59:27', '2023-09-14 00:59:27'),
	(242, 2, 'http://192.168.117.177:8000/admin/permission', 'user store data permission', 'POST', '192.168.117.177', 'Mozilla/5.0 (Windows NT 10.0; Win64; x64) AppleWebKit/537.36 (KHTML, like Gecko) Chrome/116.0.0.0 Safari/537.36', '2023-09-14 00:59:34', '2023-09-14 00:59:34'),
	(243, 2, 'http://192.168.117.177:8000/admin/role/2', 'user update data role', 'PUT', '192.168.117.177', 'Mozilla/5.0 (Windows NT 10.0; Win64; x64) AppleWebKit/537.36 (KHTML, like Gecko) Chrome/116.0.0.0 Safari/537.36', '2023-09-14 01:00:03', '2023-09-14 01:00:03'),
	(244, 2, 'http://192.168.117.177:8000/master/item', 'user store data master item', 'POST', '192.168.117.177', 'Mozilla/5.0 (Windows NT 10.0; Win64; x64) AppleWebKit/537.36 (KHTML, like Gecko) Chrome/116.0.0.0 Safari/537.36', '2023-09-14 19:20:06', '2023-09-14 19:20:06'),
	(245, 2, 'http://192.168.117.177:8000/master/item', 'user store data master item', 'POST', '192.168.117.177', 'Mozilla/5.0 (Windows NT 10.0; Win64; x64) AppleWebKit/537.36 (KHTML, like Gecko) Chrome/116.0.0.0 Safari/537.36', '2023-09-14 19:22:19', '2023-09-14 19:22:19'),
	(246, 2, 'http://192.168.117.177:8000/master/item', 'user store data master item', 'POST', '192.168.117.177', 'Mozilla/5.0 (Windows NT 10.0; Win64; x64) AppleWebKit/537.36 (KHTML, like Gecko) Chrome/116.0.0.0 Safari/537.36', '2023-09-14 19:23:44', '2023-09-14 19:23:44'),
	(247, 2, 'http://192.168.117.177:8000/master/item', 'user store data master item', 'POST', '192.168.117.177', 'Mozilla/5.0 (Windows NT 10.0; Win64; x64) AppleWebKit/537.36 (KHTML, like Gecko) Chrome/116.0.0.0 Safari/537.36', '2023-09-14 19:24:42', '2023-09-14 19:24:42'),
	(248, 2, 'http://192.168.117.177:8000/master/item', 'user store data master item', 'POST', '192.168.117.177', 'Mozilla/5.0 (Windows NT 10.0; Win64; x64) AppleWebKit/537.36 (KHTML, like Gecko) Chrome/116.0.0.0 Safari/537.36', '2023-09-14 19:25:22', '2023-09-14 19:25:22'),
	(249, 2, 'http://192.168.117.177:8000/master/item', 'user store data master item', 'POST', '192.168.117.177', 'Mozilla/5.0 (Windows NT 10.0; Win64; x64) AppleWebKit/537.36 (KHTML, like Gecko) Chrome/116.0.0.0 Safari/537.36', '2023-09-14 19:27:38', '2023-09-14 19:27:38'),
	(250, 2, 'http://192.168.117.177:8000/master/item', 'user store data master item', 'POST', '192.168.117.177', 'Mozilla/5.0 (Windows NT 10.0; Win64; x64) AppleWebKit/537.36 (KHTML, like Gecko) Chrome/116.0.0.0 Safari/537.36', '2023-09-14 19:29:33', '2023-09-14 19:29:33'),
	(251, 2, 'http://192.168.117.177:8000/master/item', 'user store data master item', 'POST', '192.168.117.177', 'Mozilla/5.0 (Windows NT 10.0; Win64; x64) AppleWebKit/537.36 (KHTML, like Gecko) Chrome/116.0.0.0 Safari/537.36', '2023-09-14 19:30:18', '2023-09-14 19:30:18'),
	(252, 2, 'http://192.168.117.177:8000/master/item', 'user store data master item', 'POST', '192.168.117.177', 'Mozilla/5.0 (Windows NT 10.0; Win64; x64) AppleWebKit/537.36 (KHTML, like Gecko) Chrome/116.0.0.0 Safari/537.36', '2023-09-14 19:31:12', '2023-09-14 19:31:12'),
	(253, 2, 'http://192.168.117.177:8000/master/item', 'user store data master item', 'POST', '192.168.117.177', 'Mozilla/5.0 (Windows NT 10.0; Win64; x64) AppleWebKit/537.36 (KHTML, like Gecko) Chrome/116.0.0.0 Safari/537.36', '2023-09-14 19:32:22', '2023-09-14 19:32:22'),
	(254, 2, 'http://192.168.117.177:8000/master/item', 'user store data master item', 'POST', '192.168.117.177', 'Mozilla/5.0 (Windows NT 10.0; Win64; x64) AppleWebKit/537.36 (KHTML, like Gecko) Chrome/116.0.0.0 Safari/537.36', '2023-09-14 19:33:43', '2023-09-14 19:33:43'),
	(255, 2, 'http://192.168.117.177:8000/master/item', 'user store data master item', 'POST', '192.168.117.177', 'Mozilla/5.0 (Windows NT 10.0; Win64; x64) AppleWebKit/537.36 (KHTML, like Gecko) Chrome/116.0.0.0 Safari/537.36', '2023-09-14 19:35:09', '2023-09-14 19:35:09'),
	(256, 2, 'http://192.168.117.177:8000/master/item', 'user store data master item', 'POST', '192.168.117.177', 'Mozilla/5.0 (Windows NT 10.0; Win64; x64) AppleWebKit/537.36 (KHTML, like Gecko) Chrome/116.0.0.0 Safari/537.36', '2023-09-14 19:36:01', '2023-09-14 19:36:01'),
	(257, 2, 'http://192.168.117.177:8000/master/item', 'user store data master item', 'POST', '192.168.117.177', 'Mozilla/5.0 (Windows NT 10.0; Win64; x64) AppleWebKit/537.36 (KHTML, like Gecko) Chrome/116.0.0.0 Safari/537.36', '2023-09-14 19:36:36', '2023-09-14 19:36:36'),
	(258, 2, 'http://192.168.117.177:8000/master/item', 'user store data master item', 'POST', '192.168.117.177', 'Mozilla/5.0 (Windows NT 10.0; Win64; x64) AppleWebKit/537.36 (KHTML, like Gecko) Chrome/116.0.0.0 Safari/537.36', '2023-09-14 19:37:05', '2023-09-14 19:37:05'),
	(259, 2, 'http://192.168.117.177:8000/master/item', 'user store data master item', 'POST', '192.168.117.177', 'Mozilla/5.0 (Windows NT 10.0; Win64; x64) AppleWebKit/537.36 (KHTML, like Gecko) Chrome/116.0.0.0 Safari/537.36', '2023-09-14 19:37:53', '2023-09-14 19:37:53'),
	(260, 2, 'http://192.168.117.177:8000/master/item', 'user store data master item', 'POST', '192.168.117.177', 'Mozilla/5.0 (Windows NT 10.0; Win64; x64) AppleWebKit/537.36 (KHTML, like Gecko) Chrome/116.0.0.0 Safari/537.36', '2023-09-14 19:39:14', '2023-09-14 19:39:14'),
	(261, 2, 'http://192.168.117.177:8000/master/item', 'user store data master item', 'POST', '192.168.117.177', 'Mozilla/5.0 (Windows NT 10.0; Win64; x64) AppleWebKit/537.36 (KHTML, like Gecko) Chrome/116.0.0.0 Safari/537.36', '2023-09-14 19:41:23', '2023-09-14 19:41:23'),
	(262, 2, 'http://192.168.117.177:8000/master/item', 'user store data master item', 'POST', '192.168.117.177', 'Mozilla/5.0 (Windows NT 10.0; Win64; x64) AppleWebKit/537.36 (KHTML, like Gecko) Chrome/116.0.0.0 Safari/537.36', '2023-09-14 19:47:45', '2023-09-14 19:47:45'),
	(263, 2, 'http://192.168.117.177:8000/master/produk', 'user store data produk', 'POST', '192.168.117.177', 'Mozilla/5.0 (Windows NT 10.0; Win64; x64) AppleWebKit/537.36 (KHTML, like Gecko) Chrome/116.0.0.0 Safari/537.36', '2023-09-14 21:23:59', '2023-09-14 21:23:59'),
	(264, 2, 'http://192.168.117.177:8000/master/produk', 'user store data produk', 'POST', '192.168.117.177', 'Mozilla/5.0 (Windows NT 10.0; Win64; x64) AppleWebKit/537.36 (KHTML, like Gecko) Chrome/116.0.0.0 Safari/537.36', '2023-09-14 21:24:45', '2023-09-14 21:24:45'),
	(265, 2, 'http://192.168.117.177:8000/bom/setup', 'user store data bom', 'POST', '192.168.117.177', 'Mozilla/5.0 (Windows NT 10.0; Win64; x64) AppleWebKit/537.36 (KHTML, like Gecko) Chrome/116.0.0.0 Safari/537.36', '2023-09-14 21:35:38', '2023-09-14 21:35:38'),
	(266, 2, 'http://192.168.117.177:8000/bom/setup/8', 'user update data bom', 'PUT', '192.168.117.177', 'Mozilla/5.0 (Windows NT 10.0; Win64; x64) AppleWebKit/537.36 (KHTML, like Gecko) Chrome/116.0.0.0 Safari/537.36', '2023-09-15 00:11:39', '2023-09-15 00:11:39'),
	(267, 2, 'http://192.168.117.177:8000/bom/approval_rnd_atasan/8', 'user update data bom atasan', 'PUT', '192.168.117.177', 'Mozilla/5.0 (Windows NT 10.0; Win64; x64) AppleWebKit/537.36 (KHTML, like Gecko) Chrome/116.0.0.0 Safari/537.36', '2023-09-15 00:14:32', '2023-09-15 00:14:32'),
	(268, 2, 'http://192.168.117.177:8000/bom/setup', 'user store data bom', 'POST', '192.168.117.177', 'Mozilla/5.0 (Windows NT 10.0; Win64; x64) AppleWebKit/537.36 (KHTML, like Gecko) Chrome/116.0.0.0 Safari/537.36', '2023-09-15 00:37:21', '2023-09-15 00:37:21'),
	(269, 2, 'http://192.168.117.177:8000/bom/setup/9', 'user update data bom', 'PUT', '192.168.117.177', 'Mozilla/5.0 (Windows NT 10.0; Win64; x64) AppleWebKit/537.36 (KHTML, like Gecko) Chrome/116.0.0.0 Safari/537.36', '2023-09-15 00:40:06', '2023-09-15 00:40:06'),
	(270, 2, 'http://192.168.117.177:8000/bom/approval_rnd_atasan/9', 'user update data bom atasan', 'PUT', '192.168.117.177', 'Mozilla/5.0 (Windows NT 10.0; Win64; x64) AppleWebKit/537.36 (KHTML, like Gecko) Chrome/116.0.0.0 Safari/537.36', '2023-09-15 00:40:26', '2023-09-15 00:40:26'),
	(271, 2, 'http://192.168.117.177:8000/ppic/production_plan', 'user store data ppic', 'POST', '192.168.117.177', 'Mozilla/5.0 (Windows NT 10.0; Win64; x64) AppleWebKit/537.36 (KHTML, like Gecko) Chrome/116.0.0.0 Safari/537.36', '2023-09-15 00:45:46', '2023-09-15 00:45:46'),
	(272, 2, 'http://192.168.117.177:8000/ppic/production_plan/2', 'user update data ppic', 'PUT', '192.168.117.177', 'Mozilla/5.0 (Windows NT 10.0; Win64; x64) AppleWebKit/537.36 (KHTML, like Gecko) Chrome/116.0.0.0 Safari/537.36', '2023-09-15 00:45:54', '2023-09-15 00:45:54'),
	(273, 2, 'http://192.168.117.177:8000/ppic/approval_ppic_atasan/2', 'user update data ppic atasan', 'PUT', '192.168.117.177', 'Mozilla/5.0 (Windows NT 10.0; Win64; x64) AppleWebKit/537.36 (KHTML, like Gecko) Chrome/116.0.0.0 Safari/537.36', '2023-09-15 00:46:06', '2023-09-15 00:46:06'),
	(274, 2, 'http://192.168.117.177:8000/admin/permission', 'user store data permission', 'POST', '192.168.117.177', 'Mozilla/5.0 (Windows NT 10.0; Win64; x64) AppleWebKit/537.36 (KHTML, like Gecko) Chrome/116.0.0.0 Safari/537.36', '2023-09-20 18:38:45', '2023-09-20 18:38:45'),
	(275, 2, 'http://192.168.117.177:8000/admin/permission', 'user store data permission', 'POST', '192.168.117.177', 'Mozilla/5.0 (Windows NT 10.0; Win64; x64) AppleWebKit/537.36 (KHTML, like Gecko) Chrome/116.0.0.0 Safari/537.36', '2023-09-20 18:39:00', '2023-09-20 18:39:00'),
	(276, 2, 'http://192.168.117.177:8000/admin/permission', 'user store data permission', 'POST', '192.168.117.177', 'Mozilla/5.0 (Windows NT 10.0; Win64; x64) AppleWebKit/537.36 (KHTML, like Gecko) Chrome/116.0.0.0 Safari/537.36', '2023-09-20 18:39:08', '2023-09-20 18:39:08'),
	(277, 2, 'http://192.168.117.177:8000/admin/permission', 'user store data permission', 'POST', '192.168.117.177', 'Mozilla/5.0 (Windows NT 10.0; Win64; x64) AppleWebKit/537.36 (KHTML, like Gecko) Chrome/116.0.0.0 Safari/537.36', '2023-09-20 18:39:14', '2023-09-20 18:39:14'),
	(278, 2, 'http://192.168.117.177:8000/admin/role/2', 'user update data role', 'PUT', '192.168.117.177', 'Mozilla/5.0 (Windows NT 10.0; Win64; x64) AppleWebKit/537.36 (KHTML, like Gecko) Chrome/116.0.0.0 Safari/537.36', '2023-09-20 18:42:39', '2023-09-20 18:42:39'),
	(279, 2, 'http://192.168.117.177:8000/master/expense', 'user store data master expense', 'POST', '192.168.117.177', 'Mozilla/5.0 (Windows NT 10.0; Win64; x64) AppleWebKit/537.36 (KHTML, like Gecko) Chrome/116.0.0.0 Safari/537.36', '2023-09-20 20:52:50', '2023-09-20 20:52:50'),
	(280, 2, 'http://192.168.117.177:8000/master/expense/2', 'user update data master expense', 'PUT', '192.168.117.177', 'Mozilla/5.0 (Windows NT 10.0; Win64; x64) AppleWebKit/537.36 (KHTML, like Gecko) Chrome/116.0.0.0 Safari/537.36', '2023-09-20 21:00:05', '2023-09-20 21:00:05'),
	(281, 2, 'http://192.168.117.177:8000/master/expense/2', 'user update data master expense', 'PUT', '192.168.117.177', 'Mozilla/5.0 (Windows NT 10.0; Win64; x64) AppleWebKit/537.36 (KHTML, like Gecko) Chrome/116.0.0.0 Safari/537.36', '2023-09-20 21:00:56', '2023-09-20 21:00:56'),
	(282, 2, 'http://192.168.117.177:8000/master/expense/2', 'user delete data master expense', 'DELETE', '192.168.117.177', 'Mozilla/5.0 (Windows NT 10.0; Win64; x64) AppleWebKit/537.36 (KHTML, like Gecko) Chrome/116.0.0.0 Safari/537.36', '2023-09-20 21:23:42', '2023-09-20 21:23:42'),
	(283, 2, 'http://192.168.117.177:8000/master/expense', 'user store data master expense', 'POST', '192.168.117.177', 'Mozilla/5.0 (Windows NT 10.0; Win64; x64) AppleWebKit/537.36 (KHTML, like Gecko) Chrome/116.0.0.0 Safari/537.36', '2023-09-21 01:37:13', '2023-09-21 01:37:13'),
	(284, 2, 'http://192.168.117.177:8000/master/expense', 'user store data master expense', 'POST', '192.168.117.177', 'Mozilla/5.0 (Windows NT 10.0; Win64; x64) AppleWebKit/537.36 (KHTML, like Gecko) Chrome/116.0.0.0 Safari/537.36', '2023-09-21 01:51:43', '2023-09-21 01:51:43'),
	(285, 2, 'http://127.0.0.1:8000/ppic/production_plan', 'user store data ppic', 'POST', '127.0.0.1', 'Mozilla/5.0 (Windows NT 10.0; Win64; x64) AppleWebKit/537.36 (KHTML, like Gecko) Chrome/116.0.0.0 Safari/537.36', '2023-09-29 00:39:18', '2023-09-29 00:39:18'),
	(286, 2, 'http://127.0.0.1:8000/ppic/production_plan/3', 'user update data ppic', 'PUT', '127.0.0.1', 'Mozilla/5.0 (Windows NT 10.0; Win64; x64) AppleWebKit/537.36 (KHTML, like Gecko) Chrome/116.0.0.0 Safari/537.36', '2023-09-29 00:39:29', '2023-09-29 00:39:29'),
	(287, 2, 'http://127.0.0.1:8000/ppic/approval_ppic_atasan/3', 'user update data ppic atasan', 'PUT', '127.0.0.1', 'Mozilla/5.0 (Windows NT 10.0; Win64; x64) AppleWebKit/537.36 (KHTML, like Gecko) Chrome/116.0.0.0 Safari/537.36', '2023-09-29 00:39:48', '2023-09-29 00:39:48'),
	(288, 2, 'http://localhost:8000/admin/permission', 'user store data permission', 'POST', '127.0.0.1', 'Mozilla/5.0 (Windows NT 10.0; Win64; x64) AppleWebKit/537.36 (KHTML, like Gecko) Chrome/117.0.0.0 Safari/537.36', '2023-10-05 00:54:12', '2023-10-05 00:54:12'),
	(289, 2, 'http://localhost:8000/admin/permission', 'user store data permission', 'POST', '127.0.0.1', 'Mozilla/5.0 (Windows NT 10.0; Win64; x64) AppleWebKit/537.36 (KHTML, like Gecko) Chrome/117.0.0.0 Safari/537.36', '2023-10-05 00:54:25', '2023-10-05 00:54:25'),
	(290, 2, 'http://localhost:8000/admin/permission', 'user store data permission', 'POST', '127.0.0.1', 'Mozilla/5.0 (Windows NT 10.0; Win64; x64) AppleWebKit/537.36 (KHTML, like Gecko) Chrome/117.0.0.0 Safari/537.36', '2023-10-05 00:55:04', '2023-10-05 00:55:04'),
	(291, 2, 'http://localhost:8000/admin/permission', 'user store data permission', 'POST', '127.0.0.1', 'Mozilla/5.0 (Windows NT 10.0; Win64; x64) AppleWebKit/537.36 (KHTML, like Gecko) Chrome/117.0.0.0 Safari/537.36', '2023-10-05 00:55:13', '2023-10-05 00:55:13'),
	(292, 2, 'http://localhost:8000/admin/role/2', 'user update data role', 'PUT', '127.0.0.1', 'Mozilla/5.0 (Windows NT 10.0; Win64; x64) AppleWebKit/537.36 (KHTML, like Gecko) Chrome/117.0.0.0 Safari/537.36', '2023-10-05 00:55:34', '2023-10-05 00:55:34'),
	(293, 2, 'http://localhost:8000/admin/permission', 'user store data permission', 'POST', '127.0.0.1', 'Mozilla/5.0 (Windows NT 10.0; Win64; x64) AppleWebKit/537.36 (KHTML, like Gecko) Chrome/117.0.0.0 Safari/537.36', '2023-10-05 18:53:07', '2023-10-05 18:53:07'),
	(294, 2, 'http://localhost:8000/admin/permission', 'user store data permission', 'POST', '127.0.0.1', 'Mozilla/5.0 (Windows NT 10.0; Win64; x64) AppleWebKit/537.36 (KHTML, like Gecko) Chrome/117.0.0.0 Safari/537.36', '2023-10-05 18:53:13', '2023-10-05 18:53:13'),
	(295, 2, 'http://localhost:8000/admin/permission', 'user store data permission', 'POST', '127.0.0.1', 'Mozilla/5.0 (Windows NT 10.0; Win64; x64) AppleWebKit/537.36 (KHTML, like Gecko) Chrome/117.0.0.0 Safari/537.36', '2023-10-05 18:53:19', '2023-10-05 18:53:19'),
	(296, 2, 'http://localhost:8000/admin/permission/142', 'user update data permission', 'PUT', '127.0.0.1', 'Mozilla/5.0 (Windows NT 10.0; Win64; x64) AppleWebKit/537.36 (KHTML, like Gecko) Chrome/117.0.0.0 Safari/537.36', '2023-10-05 18:53:24', '2023-10-05 18:53:24'),
	(297, 2, 'http://localhost:8000/admin/permission', 'user store data permission', 'POST', '127.0.0.1', 'Mozilla/5.0 (Windows NT 10.0; Win64; x64) AppleWebKit/537.36 (KHTML, like Gecko) Chrome/117.0.0.0 Safari/537.36', '2023-10-05 18:53:30', '2023-10-05 18:53:30'),
	(298, 2, 'http://localhost:8000/admin/role/2', 'user update data role', 'PUT', '127.0.0.1', 'Mozilla/5.0 (Windows NT 10.0; Win64; x64) AppleWebKit/537.36 (KHTML, like Gecko) Chrome/117.0.0.0 Safari/537.36', '2023-10-05 18:53:43', '2023-10-05 18:53:43'),
	(299, 2, 'http://localhost:8000/admin/permission', 'user store data permission', 'POST', '127.0.0.1', 'Mozilla/5.0 (Windows NT 10.0; Win64; x64) AppleWebKit/537.36 (KHTML, like Gecko) Chrome/117.0.0.0 Safari/537.36', '2023-10-09 18:17:09', '2023-10-09 18:17:09'),
	(300, 2, 'http://localhost:8000/admin/permission', 'user store data permission', 'POST', '127.0.0.1', 'Mozilla/5.0 (Windows NT 10.0; Win64; x64) AppleWebKit/537.36 (KHTML, like Gecko) Chrome/117.0.0.0 Safari/537.36', '2023-10-09 18:17:15', '2023-10-09 18:17:15'),
	(301, 2, 'http://localhost:8000/admin/permission', 'user store data permission', 'POST', '127.0.0.1', 'Mozilla/5.0 (Windows NT 10.0; Win64; x64) AppleWebKit/537.36 (KHTML, like Gecko) Chrome/117.0.0.0 Safari/537.36', '2023-10-09 18:17:21', '2023-10-09 18:17:21'),
	(302, 2, 'http://localhost:8000/admin/permission', 'user store data permission', 'POST', '127.0.0.1', 'Mozilla/5.0 (Windows NT 10.0; Win64; x64) AppleWebKit/537.36 (KHTML, like Gecko) Chrome/117.0.0.0 Safari/537.36', '2023-10-09 18:17:27', '2023-10-09 18:17:27'),
	(303, 2, 'http://localhost:8000/admin/role/2', 'user update data role', 'PUT', '127.0.0.1', 'Mozilla/5.0 (Windows NT 10.0; Win64; x64) AppleWebKit/537.36 (KHTML, like Gecko) Chrome/117.0.0.0 Safari/537.36', '2023-10-09 18:18:18', '2023-10-09 18:18:18'),
	(304, 2, 'http://localhost:8000/ppic/production_plan', 'user store data ppic', 'POST', '127.0.0.1', 'Mozilla/5.0 (Windows NT 10.0; Win64; x64) AppleWebKit/537.36 (KHTML, like Gecko) Chrome/117.0.0.0 Safari/537.36', '2023-10-10 19:46:02', '2023-10-10 19:46:02'),
	(305, 2, 'http://localhost:8000/ppic/production_plan/1', 'user update data ppic', 'PUT', '127.0.0.1', 'Mozilla/5.0 (Windows NT 10.0; Win64; x64) AppleWebKit/537.36 (KHTML, like Gecko) Chrome/117.0.0.0 Safari/537.36', '2023-10-10 19:49:53', '2023-10-10 19:49:53'),
	(306, 2, 'http://localhost:8000/ppic/approval_ppic_atasan/1', 'user update data ppic atasan', 'PUT', '127.0.0.1', 'Mozilla/5.0 (Windows NT 10.0; Win64; x64) AppleWebKit/537.36 (KHTML, like Gecko) Chrome/117.0.0.0 Safari/537.36', '2023-10-10 19:50:21', '2023-10-10 19:50:21'),
	(307, 2, 'http://192.168.117.177:8081/ppic/production_plan', 'user store data ppic', 'POST', '192.168.117.177', 'Mozilla/5.0 (Windows NT 10.0; Win64; x64) AppleWebKit/537.36 (KHTML, like Gecko) Chrome/118.0.0.0 Safari/537.36', '2023-10-17 23:39:49', '2023-10-17 23:39:49'),
	(308, 2, 'http://192.168.117.177:8081/ppic/production_plan', 'user store data ppic', 'POST', '192.168.117.177', 'Mozilla/5.0 (Windows NT 10.0; Win64; x64) AppleWebKit/537.36 (KHTML, like Gecko) Chrome/118.0.0.0 Safari/537.36', '2023-10-18 01:03:05', '2023-10-18 01:03:05'),
	(309, 2, 'http://192.168.117.177:8081/ppic/production_plan/3', 'user update data ppic', 'PUT', '192.168.117.177', 'Mozilla/5.0 (Windows NT 10.0; Win64; x64) AppleWebKit/537.36 (KHTML, like Gecko) Chrome/118.0.0.0 Safari/537.36', '2023-10-18 01:03:14', '2023-10-18 01:03:14'),
	(310, 2, 'http://192.168.117.177:8081/ppic/production_plan/3', 'user update data ppic', 'PUT', '192.168.117.177', 'Mozilla/5.0 (Windows NT 10.0; Win64; x64) AppleWebKit/537.36 (KHTML, like Gecko) Chrome/118.0.0.0 Safari/537.36', '2023-10-18 01:04:44', '2023-10-18 01:04:44'),
	(311, 2, 'http://192.168.117.177:8081/ppic/production_plan/3', 'user update data ppic', 'PUT', '192.168.117.177', 'Mozilla/5.0 (Windows NT 10.0; Win64; x64) AppleWebKit/537.36 (KHTML, like Gecko) Chrome/118.0.0.0 Safari/537.36', '2023-10-18 01:14:15', '2023-10-18 01:14:15'),
	(312, 2, 'http://192.168.117.177:8081/ppic/production_plan/3', 'user update data ppic', 'PUT', '192.168.117.177', 'Mozilla/5.0 (Windows NT 10.0; Win64; x64) AppleWebKit/537.36 (KHTML, like Gecko) Chrome/118.0.0.0 Safari/537.36', '2023-10-18 01:54:25', '2023-10-18 01:54:25'),
	(313, 2, 'http://192.168.117.177:8081/ppic/production_plan', 'user store data ppic', 'POST', '192.168.117.177', 'Mozilla/5.0 (Windows NT 10.0; Win64; x64) AppleWebKit/537.36 (KHTML, like Gecko) Chrome/118.0.0.0 Safari/537.36', '2023-10-18 02:40:31', '2023-10-18 02:40:31'),
	(314, 2, 'http://192.168.117.177:8081/ppic/production_plan/4', 'user update data ppic', 'PUT', '192.168.117.177', 'Mozilla/5.0 (Windows NT 10.0; Win64; x64) AppleWebKit/537.36 (KHTML, like Gecko) Chrome/118.0.0.0 Safari/537.36', '2023-10-18 02:41:24', '2023-10-18 02:41:24'),
	(315, 2, 'http://192.168.117.177:8081/ppic/approval_ppic_atasan/4', 'user update data ppic atasan', 'PUT', '192.168.117.177', 'Mozilla/5.0 (Windows NT 10.0; Win64; x64) AppleWebKit/537.36 (KHTML, like Gecko) Chrome/118.0.0.0 Safari/537.36', '2023-10-18 19:51:42', '2023-10-18 19:51:42'),
	(316, 2, 'http://192.168.117.177:8081/ppic/production_plan/4', 'user update data ppic', 'PUT', '192.168.117.177', 'Mozilla/5.0 (Windows NT 10.0; Win64; x64) AppleWebKit/537.36 (KHTML, like Gecko) Chrome/118.0.0.0 Safari/537.36', '2023-10-18 20:21:40', '2023-10-18 20:21:40'),
	(317, 2, 'http://192.168.117.177:8081/ppic/approval_ppic_atasan/4', 'user update data ppic atasan', 'PUT', '192.168.117.177', 'Mozilla/5.0 (Windows NT 10.0; Win64; x64) AppleWebKit/537.36 (KHTML, like Gecko) Chrome/118.0.0.0 Safari/537.36', '2023-10-18 20:42:46', '2023-10-18 20:42:46'),
	(318, 2, 'http://192.168.117.177:8081/bom/setup/6/copy', 'user copy data bom', 'PUT', '192.168.117.177', 'Mozilla/5.0 (Windows NT 10.0; Win64; x64) AppleWebKit/537.36 (KHTML, like Gecko) Chrome/118.0.0.0 Safari/537.36', '2023-10-19 01:33:02', '2023-10-19 01:33:02'),
	(319, 2, 'http://192.168.117.177:8081/master/item', 'user store data master item', 'POST', '192.168.117.177', 'Mozilla/5.0 (Windows NT 10.0; Win64; x64) AppleWebKit/537.36 (KHTML, like Gecko) Chrome/118.0.0.0 Safari/537.36', '2023-10-19 02:37:36', '2023-10-19 02:37:36'),
	(320, 2, 'http://192.168.117.177:8081/master/produk', 'user store data produk', 'POST', '192.168.117.177', 'Mozilla/5.0 (Windows NT 10.0; Win64; x64) AppleWebKit/537.36 (KHTML, like Gecko) Chrome/118.0.0.0 Safari/537.36', '2023-10-19 02:42:29', '2023-10-19 02:42:29'),
	(321, 2, 'http://192.168.117.177:8081/master/item', 'user store data master item', 'POST', '192.168.117.177', 'Mozilla/5.0 (Windows NT 10.0; Win64; x64) AppleWebKit/537.36 (KHTML, like Gecko) Chrome/118.0.0.0 Safari/537.36', '2023-10-19 02:45:13', '2023-10-19 02:45:13'),
	(322, 2, 'http://192.168.117.177:8081/master/item', 'user store data master item', 'POST', '192.168.117.177', 'Mozilla/5.0 (Windows NT 10.0; Win64; x64) AppleWebKit/537.36 (KHTML, like Gecko) Chrome/118.0.0.0 Safari/537.36', '2023-10-19 02:45:40', '2023-10-19 02:45:40'),
	(323, 2, 'http://192.168.117.177:8081/bom/setup', 'user store data bom', 'POST', '192.168.117.177', 'Mozilla/5.0 (Windows NT 10.0; Win64; x64) AppleWebKit/537.36 (KHTML, like Gecko) Chrome/118.0.0.0 Safari/537.36', '2023-10-19 02:54:20', '2023-10-19 02:54:20'),
	(324, 2, 'http://192.168.117.177:8081/bom/setup/11', 'user update data bom', 'PUT', '192.168.117.177', 'Mozilla/5.0 (Windows NT 10.0; Win64; x64) AppleWebKit/537.36 (KHTML, like Gecko) Chrome/118.0.0.0 Safari/537.36', '2023-10-19 19:01:17', '2023-10-19 19:01:17'),
	(325, 2, 'http://192.168.117.177:8081/bom/approval_rnd_atasan/11', 'user update data bom atasan', 'PUT', '192.168.117.177', 'Mozilla/5.0 (Windows NT 10.0; Win64; x64) AppleWebKit/537.36 (KHTML, like Gecko) Chrome/118.0.0.0 Safari/537.36', '2023-10-19 19:53:17', '2023-10-19 19:53:17'),
	(326, 2, 'http://192.168.117.177:8081/bom/setup/11', 'user update data bom', 'PUT', '192.168.117.177', 'Mozilla/5.0 (Windows NT 10.0; Win64; x64) AppleWebKit/537.36 (KHTML, like Gecko) Chrome/118.0.0.0 Safari/537.36', '2023-10-19 21:06:28', '2023-10-19 21:06:28'),
	(327, 2, 'http://192.168.117.177:8081/bom/approval_rnd_atasan/11', 'user update data bom atasan', 'PUT', '192.168.117.177', 'Mozilla/5.0 (Windows NT 10.0; Win64; x64) AppleWebKit/537.36 (KHTML, like Gecko) Chrome/118.0.0.0 Safari/537.36', '2023-10-19 21:16:05', '2023-10-19 21:16:05'),
	(328, 2, 'http://192.168.117.177:8081/bom/setup/11', 'user update data bom', 'PUT', '192.168.117.177', 'Mozilla/5.0 (Windows NT 10.0; Win64; x64) AppleWebKit/537.36 (KHTML, like Gecko) Chrome/118.0.0.0 Safari/537.36', '2023-10-19 21:16:43', '2023-10-19 21:16:43'),
	(329, 2, 'http://192.168.117.177:8081/bom/approval_rnd_atasan/11', 'user update data bom atasan', 'PUT', '192.168.117.177', 'Mozilla/5.0 (Windows NT 10.0; Win64; x64) AppleWebKit/537.36 (KHTML, like Gecko) Chrome/118.0.0.0 Safari/537.36', '2023-10-19 21:19:55', '2023-10-19 21:19:55'),
	(330, 2, 'http://192.168.117.177:8081/bom/setup/11', 'user update data bom', 'PUT', '192.168.117.177', 'Mozilla/5.0 (Windows NT 10.0; Win64; x64) AppleWebKit/537.36 (KHTML, like Gecko) Chrome/118.0.0.0 Safari/537.36', '2023-10-20 00:51:05', '2023-10-20 00:51:05'),
	(331, 2, 'http://192.168.117.177:8081/bom/approval_rnd_atasan/11', 'user update data bom atasan', 'PUT', '192.168.117.177', 'Mozilla/5.0 (Windows NT 10.0; Win64; x64) AppleWebKit/537.36 (KHTML, like Gecko) Chrome/118.0.0.0 Safari/537.36', '2023-10-20 01:21:26', '2023-10-20 01:21:26'),
	(332, 2, 'http://192.168.117.177:8081/bom/setup/11', 'user update data bom', 'PUT', '192.168.117.177', 'Mozilla/5.0 (Windows NT 10.0; Win64; x64) AppleWebKit/537.36 (KHTML, like Gecko) Chrome/118.0.0.0 Safari/537.36', '2023-10-20 01:22:34', '2023-10-20 01:22:34'),
	(333, 2, 'http://192.168.117.177:8081/bom/setup/11', 'user update data bom', 'PUT', '192.168.117.177', 'Mozilla/5.0 (Windows NT 10.0; Win64; x64) AppleWebKit/537.36 (KHTML, like Gecko) Chrome/118.0.0.0 Safari/537.36', '2023-10-20 01:22:48', '2023-10-20 01:22:48'),
	(334, 2, 'http://192.168.117.177:8081/bom/setup/11/copy', 'user copy data bom', 'PUT', '192.168.117.177', 'Mozilla/5.0 (Windows NT 10.0; Win64; x64) AppleWebKit/537.36 (KHTML, like Gecko) Chrome/118.0.0.0 Safari/537.36', '2023-10-20 01:23:07', '2023-10-20 01:23:07'),
	(335, 2, 'http://192.168.117.177:8081/bom/setup/11/copy', 'user copy data bom', 'PUT', '192.168.117.177', 'Mozilla/5.0 (Windows NT 10.0; Win64; x64) AppleWebKit/537.36 (KHTML, like Gecko) Chrome/118.0.0.0 Safari/537.36', '2023-10-20 01:34:07', '2023-10-20 01:34:07'),
	(336, 2, 'http://192.168.117.177:8081/bom/setup/11/copy', 'user copy data bom', 'PUT', '192.168.117.177', 'Mozilla/5.0 (Windows NT 10.0; Win64; x64) AppleWebKit/537.36 (KHTML, like Gecko) Chrome/118.0.0.0 Safari/537.36', '2023-10-20 01:37:30', '2023-10-20 01:37:30'),
	(337, 2, 'http://192.168.117.177:8081/bom/setup/11/copy', 'user copy data bom', 'PUT', '192.168.117.177', 'Mozilla/5.0 (Windows NT 10.0; Win64; x64) AppleWebKit/537.36 (KHTML, like Gecko) Chrome/118.0.0.0 Safari/537.36', '2023-10-20 01:44:03', '2023-10-20 01:44:03'),
	(338, 2, 'http://192.168.117.177:8081/bom/setup/11/copy', 'user copy data bom', 'PUT', '192.168.117.177', 'Mozilla/5.0 (Windows NT 10.0; Win64; x64) AppleWebKit/537.36 (KHTML, like Gecko) Chrome/118.0.0.0 Safari/537.36', '2023-10-20 01:45:11', '2023-10-20 01:45:11'),
	(339, 2, 'http://192.168.117.177:8081/bom/setup/11/copy', 'user copy data bom', 'PUT', '192.168.117.177', 'Mozilla/5.0 (Windows NT 10.0; Win64; x64) AppleWebKit/537.36 (KHTML, like Gecko) Chrome/118.0.0.0 Safari/537.36', '2023-10-20 01:46:37', '2023-10-20 01:46:37'),
	(340, 2, 'http://192.168.117.177:8081/bom/setup/11/copy', 'user copy data bom', 'PUT', '192.168.117.177', 'Mozilla/5.0 (Windows NT 10.0; Win64; x64) AppleWebKit/537.36 (KHTML, like Gecko) Chrome/118.0.0.0 Safari/537.36', '2023-10-20 01:48:27', '2023-10-20 01:48:27'),
	(341, 2, 'http://192.168.117.177:8081/bom/setup/18', 'user update data bom', 'PUT', '192.168.117.177', 'Mozilla/5.0 (Windows NT 10.0; Win64; x64) AppleWebKit/537.36 (KHTML, like Gecko) Chrome/118.0.0.0 Safari/537.36', '2023-10-20 01:50:01', '2023-10-20 01:50:01'),
	(342, 2, 'http://192.168.117.177:8081/admin/permission', 'user store data permission', 'POST', '192.168.117.177', 'Mozilla/5.0 (Windows NT 10.0; Win64; x64) AppleWebKit/537.36 (KHTML, like Gecko) Chrome/118.0.0.0 Safari/537.36', '2023-10-20 02:31:58', '2023-10-20 02:31:58'),
	(343, 2, 'http://192.168.117.177:8081/admin/permission', 'user store data permission', 'POST', '192.168.117.177', 'Mozilla/5.0 (Windows NT 10.0; Win64; x64) AppleWebKit/537.36 (KHTML, like Gecko) Chrome/118.0.0.0 Safari/537.36', '2023-10-20 02:32:04', '2023-10-20 02:32:04'),
	(344, 2, 'http://192.168.117.177:8081/admin/permission', 'user store data permission', 'POST', '192.168.117.177', 'Mozilla/5.0 (Windows NT 10.0; Win64; x64) AppleWebKit/537.36 (KHTML, like Gecko) Chrome/118.0.0.0 Safari/537.36', '2023-10-20 02:32:10', '2023-10-20 02:32:10'),
	(345, 2, 'http://192.168.117.177:8081/admin/permission', 'user store data permission', 'POST', '192.168.117.177', 'Mozilla/5.0 (Windows NT 10.0; Win64; x64) AppleWebKit/537.36 (KHTML, like Gecko) Chrome/118.0.0.0 Safari/537.36', '2023-10-20 02:32:16', '2023-10-20 02:32:16'),
	(346, 2, 'http://192.168.117.177:8081/admin/role/2', 'user update data role', 'PUT', '192.168.117.177', 'Mozilla/5.0 (Windows NT 10.0; Win64; x64) AppleWebKit/537.36 (KHTML, like Gecko) Chrome/118.0.0.0 Safari/537.36', '2023-10-20 02:32:30', '2023-10-20 02:32:30'),
	(347, 2, 'http://192.168.117.177:8081/admin/permission', 'user store data permission', 'POST', '192.168.117.177', 'Mozilla/5.0 (Windows NT 10.0; Win64; x64) AppleWebKit/537.36 (KHTML, like Gecko) Chrome/118.0.0.0 Safari/537.36', '2023-10-25 21:45:29', '2023-10-25 21:45:29'),
	(348, 2, 'http://192.168.117.177:8081/admin/permission', 'user store data permission', 'POST', '192.168.117.177', 'Mozilla/5.0 (Windows NT 10.0; Win64; x64) AppleWebKit/537.36 (KHTML, like Gecko) Chrome/118.0.0.0 Safari/537.36', '2023-10-25 21:45:37', '2023-10-25 21:45:37'),
	(349, 2, 'http://192.168.117.177:8081/admin/permission', 'user store data permission', 'POST', '192.168.117.177', 'Mozilla/5.0 (Windows NT 10.0; Win64; x64) AppleWebKit/537.36 (KHTML, like Gecko) Chrome/118.0.0.0 Safari/537.36', '2023-10-25 21:45:43', '2023-10-25 21:45:43'),
	(350, 2, 'http://192.168.117.177:8081/admin/permission', 'user store data permission', 'POST', '192.168.117.177', 'Mozilla/5.0 (Windows NT 10.0; Win64; x64) AppleWebKit/537.36 (KHTML, like Gecko) Chrome/118.0.0.0 Safari/537.36', '2023-10-25 21:45:49', '2023-10-25 21:45:49'),
	(351, 2, 'http://192.168.117.177:8081/admin/role/2', 'user update data role', 'PUT', '192.168.117.177', 'Mozilla/5.0 (Windows NT 10.0; Win64; x64) AppleWebKit/537.36 (KHTML, like Gecko) Chrome/118.0.0.0 Safari/537.36', '2023-10-25 21:46:20', '2023-10-25 21:46:20'),
	(352, 2, 'http://192.168.117.177:8081/ppic/production_plan', 'user store data ppic', 'POST', '192.168.117.177', 'Mozilla/5.0 (Windows NT 10.0; Win64; x64) AppleWebKit/537.36 (KHTML, like Gecko) Chrome/118.0.0.0 Safari/537.36', '2023-10-31 19:40:36', '2023-10-31 19:40:36'),
	(353, 2, 'http://192.168.117.177:8081/ppic/production_plan/1', 'user update data ppic', 'PUT', '192.168.117.177', 'Mozilla/5.0 (Windows NT 10.0; Win64; x64) AppleWebKit/537.36 (KHTML, like Gecko) Chrome/118.0.0.0 Safari/537.36', '2023-10-31 19:40:58', '2023-10-31 19:40:58'),
	(354, 2, 'http://192.168.117.177:8081/ppic/approval_ppic_atasan/1', 'user update data ppic atasan', 'PUT', '192.168.117.177', 'Mozilla/5.0 (Windows NT 10.0; Win64; x64) AppleWebKit/537.36 (KHTML, like Gecko) Chrome/118.0.0.0 Safari/537.36', '2023-10-31 19:41:22', '2023-10-31 19:41:22'),
	(355, 2, 'http://192.168.117.177:8081/admin/permission', 'user store data permission', 'POST', '192.168.117.177', 'Mozilla/5.0 (Windows NT 10.0; Win64; x64) AppleWebKit/537.36 (KHTML, like Gecko) Chrome/118.0.0.0 Safari/537.36', '2023-11-06 01:10:19', '2023-11-06 01:10:19'),
	(356, 2, 'http://192.168.117.177:8081/admin/permission/156', 'user delete data permission', 'DELETE', '192.168.117.177', 'Mozilla/5.0 (Windows NT 10.0; Win64; x64) AppleWebKit/537.36 (KHTML, like Gecko) Chrome/118.0.0.0 Safari/537.36', '2023-11-06 01:11:02', '2023-11-06 01:11:02'),
	(357, 2, 'http://192.168.117.177:8081/admin/permission', 'user store data permission', 'POST', '192.168.117.177', 'Mozilla/5.0 (Windows NT 10.0; Win64; x64) AppleWebKit/537.36 (KHTML, like Gecko) Chrome/118.0.0.0 Safari/537.36', '2023-11-06 01:15:54', '2023-11-06 01:15:54'),
	(358, 2, 'http://192.168.117.177:8081/admin/role/2', 'user update data role', 'PUT', '192.168.117.177', 'Mozilla/5.0 (Windows NT 10.0; Win64; x64) AppleWebKit/537.36 (KHTML, like Gecko) Chrome/118.0.0.0 Safari/537.36', '2023-11-06 01:16:02', '2023-11-06 01:16:02'),
	(359, 2, 'http://192.168.117.177:8081/admin/permission', 'user store data permission', 'POST', '192.168.117.177', 'Mozilla/5.0 (Windows NT 10.0; Win64; x64) AppleWebKit/537.36 (KHTML, like Gecko) Chrome/118.0.0.0 Safari/537.36', '2023-11-06 01:21:56', '2023-11-06 01:21:56'),
	(360, 2, 'http://192.168.117.177:8081/admin/role/2', 'user update data role', 'PUT', '192.168.117.177', 'Mozilla/5.0 (Windows NT 10.0; Win64; x64) AppleWebKit/537.36 (KHTML, like Gecko) Chrome/118.0.0.0 Safari/537.36', '2023-11-06 01:22:16', '2023-11-06 01:22:16'),
	(361, 2, 'http://192.168.117.177:8081/admin/role/2', 'user update data role', 'PUT', '192.168.117.177', 'Mozilla/5.0 (Windows NT 10.0; Win64; x64) AppleWebKit/537.36 (KHTML, like Gecko) Chrome/118.0.0.0 Safari/537.36', '2023-11-06 01:23:18', '2023-11-06 01:23:18'),
	(362, 2, 'http://192.168.117.177:8081/admin/role/2', 'user update data role', 'PUT', '192.168.117.177', 'Mozilla/5.0 (Windows NT 10.0; Win64; x64) AppleWebKit/537.36 (KHTML, like Gecko) Chrome/118.0.0.0 Safari/537.36', '2023-11-06 01:25:55', '2023-11-06 01:25:55'),
	(363, 2, 'http://192.168.117.177:8081/admin/role/2', 'user update data role', 'PUT', '192.168.117.177', 'Mozilla/5.0 (Windows NT 10.0; Win64; x64) AppleWebKit/537.36 (KHTML, like Gecko) Chrome/118.0.0.0 Safari/537.36', '2023-11-06 01:27:22', '2023-11-06 01:27:22'),
	(364, 2, 'http://192.168.117.177:8081/admin/role/2', 'user update data role', 'PUT', '192.168.117.177', 'Mozilla/5.0 (Windows NT 10.0; Win64; x64) AppleWebKit/537.36 (KHTML, like Gecko) Chrome/118.0.0.0 Safari/537.36', '2023-11-06 01:28:01', '2023-11-06 01:28:01'),
	(365, 2, 'http://192.168.117.177:8081/ppic/production_plan', 'user store data ppic', 'POST', '192.168.117.177', 'Mozilla/5.0 (Windows NT 10.0; Win64; x64) AppleWebKit/537.36 (KHTML, like Gecko) Chrome/118.0.0.0 Safari/537.36', '2023-11-07 00:24:28', '2023-11-07 00:24:28'),
	(366, 2, 'http://192.168.117.177:8081/ppic/production_plan/1', 'user update data ppic', 'PUT', '192.168.117.177', 'Mozilla/5.0 (Windows NT 10.0; Win64; x64) AppleWebKit/537.36 (KHTML, like Gecko) Chrome/118.0.0.0 Safari/537.36', '2023-11-07 00:26:14', '2023-11-07 00:26:14'),
	(367, 2, 'http://192.168.117.177:8081/ppic/approval_ppic_atasan/1', 'user update data ppic atasan', 'PUT', '192.168.117.177', 'Mozilla/5.0 (Windows NT 10.0; Win64; x64) AppleWebKit/537.36 (KHTML, like Gecko) Chrome/118.0.0.0 Safari/537.36', '2023-11-07 00:26:29', '2023-11-07 00:26:29'),
	(368, 2, 'http://192.168.117.177:8081/admin/permission', 'user store data permission', 'POST', '192.168.117.177', 'Mozilla/5.0 (Windows NT 10.0; Win64; x64) AppleWebKit/537.36 (KHTML, like Gecko) Chrome/119.0.0.0 Safari/537.36', '2023-11-08 23:47:08', '2023-11-08 23:47:08'),
	(369, 2, 'http://192.168.117.177:8081/admin/permission', 'user store data permission', 'POST', '192.168.117.177', 'Mozilla/5.0 (Windows NT 10.0; Win64; x64) AppleWebKit/537.36 (KHTML, like Gecko) Chrome/119.0.0.0 Safari/537.36', '2023-11-08 23:47:14', '2023-11-08 23:47:14'),
	(370, 2, 'http://192.168.117.177:8081/admin/permission', 'user store data permission', 'POST', '192.168.117.177', 'Mozilla/5.0 (Windows NT 10.0; Win64; x64) AppleWebKit/537.36 (KHTML, like Gecko) Chrome/119.0.0.0 Safari/537.36', '2023-11-08 23:47:19', '2023-11-08 23:47:19'),
	(371, 2, 'http://192.168.117.177:8081/admin/permission', 'user store data permission', 'POST', '192.168.117.177', 'Mozilla/5.0 (Windows NT 10.0; Win64; x64) AppleWebKit/537.36 (KHTML, like Gecko) Chrome/119.0.0.0 Safari/537.36', '2023-11-08 23:47:25', '2023-11-08 23:47:25'),
	(372, 2, 'http://192.168.117.177:8081/admin/role/2', 'user update data role', 'PUT', '192.168.117.177', 'Mozilla/5.0 (Windows NT 10.0; Win64; x64) AppleWebKit/537.36 (KHTML, like Gecko) Chrome/119.0.0.0 Safari/537.36', '2023-11-08 23:47:43', '2023-11-08 23:47:43'),
	(373, 2, 'http://192.168.117.177:8081/admin/role', 'user store data role', 'POST', '192.168.117.177', 'Mozilla/5.0 (Windows NT 10.0; Win64; x64) AppleWebKit/537.36 (KHTML, like Gecko) Chrome/119.0.0.0 Safari/537.36', '2023-11-15 01:48:48', '2023-11-15 01:48:48'),
	(374, 2, 'http://192.168.117.177:8081/admin/role', 'user store data role', 'POST', '192.168.117.177', 'Mozilla/5.0 (Windows NT 10.0; Win64; x64) AppleWebKit/537.36 (KHTML, like Gecko) Chrome/119.0.0.0 Safari/537.36', '2023-11-15 01:48:53', '2023-11-15 01:48:53'),
	(375, 2, 'http://192.168.117.177:8081/admin/user/6', 'user update data user account', 'PUT', '192.168.117.177', 'Mozilla/5.0 (Windows NT 10.0; Win64; x64) AppleWebKit/537.36 (KHTML, like Gecko) Chrome/119.0.0.0 Safari/537.36', '2023-11-15 01:53:57', '2023-11-15 01:53:57'),
	(376, 2, 'http://192.168.117.177:8081/master/item', 'user store data master item', 'POST', '192.168.117.177', 'Mozilla/5.0 (Windows NT 10.0; Win64; x64) AppleWebKit/537.36 (KHTML, like Gecko) Chrome/119.0.0.0 Safari/537.36', '2023-11-16 00:51:07', '2023-11-16 00:51:07'),
	(377, 2, 'http://192.168.117.177:8081/ppic/production_plan', 'user store data ppic', 'POST', '192.168.117.177', 'Mozilla/5.0 (Windows NT 10.0; Win64; x64) AppleWebKit/537.36 (KHTML, like Gecko) Chrome/119.0.0.0 Safari/537.36', '2023-11-16 01:53:25', '2023-11-16 01:53:25'),
	(378, 2, 'http://192.168.117.177:8081/ppic/production_plan/2', 'user update data ppic', 'PUT', '192.168.117.177', 'Mozilla/5.0 (Windows NT 10.0; Win64; x64) AppleWebKit/537.36 (KHTML, like Gecko) Chrome/119.0.0.0 Safari/537.36', '2023-11-16 01:53:57', '2023-11-16 01:53:57'),
	(379, 2, 'http://192.168.117.177:8081/ppic/approval_ppic_atasan/2', 'user update data ppic atasan', 'PUT', '192.168.117.177', 'Mozilla/5.0 (Windows NT 10.0; Win64; x64) AppleWebKit/537.36 (KHTML, like Gecko) Chrome/119.0.0.0 Safari/537.36', '2023-11-16 01:54:25', '2023-11-16 01:54:25'),
	(380, 2, 'http://192.168.117.177:8081/ppic/production_plan', 'user store data ppic', 'POST', '192.168.117.177', 'Mozilla/5.0 (Windows NT 10.0; Win64; x64) AppleWebKit/537.36 (KHTML, like Gecko) Chrome/119.0.0.0 Safari/537.36', '2023-11-20 01:10:01', '2023-11-20 01:10:01'),
	(381, 2, 'http://192.168.117.177:8081/ppic/production_plan/1', 'user update data ppic', 'PUT', '192.168.117.177', 'Mozilla/5.0 (Windows NT 10.0; Win64; x64) AppleWebKit/537.36 (KHTML, like Gecko) Chrome/119.0.0.0 Safari/537.36', '2023-11-20 01:10:08', '2023-11-20 01:10:08'),
	(382, 2, 'http://192.168.117.177:8081/ppic/approval_ppic_atasan/1', 'user update data ppic atasan', 'PUT', '192.168.117.177', 'Mozilla/5.0 (Windows NT 10.0; Win64; x64) AppleWebKit/537.36 (KHTML, like Gecko) Chrome/119.0.0.0 Safari/537.36', '2023-11-20 01:10:24', '2023-11-20 01:10:24'),
	(383, 2, 'http://192.168.117.177:8081/admin/permission', 'user store data permission', 'POST', '192.168.117.177', 'Mozilla/5.0 (Windows NT 10.0; Win64; x64) AppleWebKit/537.36 (KHTML, like Gecko) Chrome/119.0.0.0 Safari/537.36', '2023-11-22 02:58:14', '2023-11-22 02:58:14'),
	(384, 2, 'http://192.168.117.177:8081/admin/permission', 'user store data permission', 'POST', '192.168.117.177', 'Mozilla/5.0 (Windows NT 10.0; Win64; x64) AppleWebKit/537.36 (KHTML, like Gecko) Chrome/119.0.0.0 Safari/537.36', '2023-11-22 02:58:22', '2023-11-22 02:58:22'),
	(385, 2, 'http://192.168.117.177:8081/admin/permission', 'user store data permission', 'POST', '192.168.117.177', 'Mozilla/5.0 (Windows NT 10.0; Win64; x64) AppleWebKit/537.36 (KHTML, like Gecko) Chrome/119.0.0.0 Safari/537.36', '2023-11-22 02:58:27', '2023-11-22 02:58:27'),
	(386, 2, 'http://192.168.117.177:8081/admin/permission', 'user store data permission', 'POST', '192.168.117.177', 'Mozilla/5.0 (Windows NT 10.0; Win64; x64) AppleWebKit/537.36 (KHTML, like Gecko) Chrome/119.0.0.0 Safari/537.36', '2023-11-22 02:58:35', '2023-11-22 02:58:35'),
	(387, 2, 'http://192.168.117.177:8081/admin/role/2', 'user update data role', 'PUT', '192.168.117.177', 'Mozilla/5.0 (Windows NT 10.0; Win64; x64) AppleWebKit/537.36 (KHTML, like Gecko) Chrome/119.0.0.0 Safari/537.36', '2023-11-22 18:35:08', '2023-11-22 18:35:08'),
	(388, 2, 'http://192.168.117.177:8081/master/formation', 'user store data formation', 'POST', '192.168.117.177', 'Mozilla/5.0 (Windows NT 10.0; Win64; x64) AppleWebKit/537.36 (KHTML, like Gecko) Chrome/119.0.0.0 Safari/537.36', '2023-11-26 21:24:47', '2023-11-26 21:24:47'),
	(389, 2, 'http://192.168.117.177:8081/master/formation', 'user store data formation', 'POST', '192.168.117.177', 'Mozilla/5.0 (Windows NT 10.0; Win64; x64) AppleWebKit/537.36 (KHTML, like Gecko) Chrome/119.0.0.0 Safari/537.36', '2023-11-26 21:25:01', '2023-11-26 21:25:01'),
	(390, 2, 'http://192.168.117.177:8081/master/formation', 'user store data formation', 'POST', '192.168.117.177', 'Mozilla/5.0 (Windows NT 10.0; Win64; x64) AppleWebKit/537.36 (KHTML, like Gecko) Chrome/119.0.0.0 Safari/537.36', '2023-11-26 21:25:15', '2023-11-26 21:25:15'),
	(391, 2, 'http://192.168.117.177:8081/master/formation/4', 'user update data formation', 'PUT', '192.168.117.177', 'Mozilla/5.0 (Windows NT 10.0; Win64; x64) AppleWebKit/537.36 (KHTML, like Gecko) Chrome/119.0.0.0 Safari/537.36', '2023-11-26 21:25:26', '2023-11-26 21:25:26'),
	(392, 2, 'http://192.168.117.177:8081/master/formation/3', 'user update data formation', 'PUT', '192.168.117.177', 'Mozilla/5.0 (Windows NT 10.0; Win64; x64) AppleWebKit/537.36 (KHTML, like Gecko) Chrome/119.0.0.0 Safari/537.36', '2023-11-26 21:25:33', '2023-11-26 21:25:33'),
	(393, 2, 'http://192.168.117.177:8081/ppic/production_plan', 'user store data ppic', 'POST', '192.168.117.177', 'Mozilla/5.0 (Windows NT 10.0; Win64; x64) AppleWebKit/537.36 (KHTML, like Gecko) Chrome/119.0.0.0 Safari/537.36', '2023-11-27 19:49:43', '2023-11-27 19:49:43'),
	(394, 2, 'http://192.168.117.177:8081/ppic/production_plan/1', 'user update data ppic', 'PUT', '192.168.117.177', 'Mozilla/5.0 (Windows NT 10.0; Win64; x64) AppleWebKit/537.36 (KHTML, like Gecko) Chrome/119.0.0.0 Safari/537.36', '2023-11-27 19:49:52', '2023-11-27 19:49:52'),
	(395, 2, 'http://192.168.117.177:8081/ppic/production_plan', 'user store data ppic', 'POST', '192.168.117.177', 'Mozilla/5.0 (Windows NT 10.0; Win64; x64) AppleWebKit/537.36 (KHTML, like Gecko) Chrome/119.0.0.0 Safari/537.36', '2023-11-27 19:54:33', '2023-11-27 19:54:33'),
	(396, 2, 'http://192.168.117.177:8081/ppic/production_plan/1', 'user update data ppic', 'PUT', '192.168.117.177', 'Mozilla/5.0 (Windows NT 10.0; Win64; x64) AppleWebKit/537.36 (KHTML, like Gecko) Chrome/119.0.0.0 Safari/537.36', '2023-11-27 19:55:23', '2023-11-27 19:55:23'),
	(397, 2, 'http://192.168.117.177:8081/ppic/approval_ppic_atasan/1', 'user update data ppic atasan', 'PUT', '192.168.117.177', 'Mozilla/5.0 (Windows NT 10.0; Win64; x64) AppleWebKit/537.36 (KHTML, like Gecko) Chrome/119.0.0.0 Safari/537.36', '2023-11-27 19:56:02', '2023-11-27 19:56:02'),
	(398, 2, 'http://192.168.117.177:8081/ppic/production_plan', 'user store data ppic', 'POST', '192.168.117.177', 'Mozilla/5.0 (Windows NT 10.0; Win64; x64) AppleWebKit/537.36 (KHTML, like Gecko) Chrome/119.0.0.0 Safari/537.36', '2023-11-27 20:04:22', '2023-11-27 20:04:22'),
	(399, 2, 'http://192.168.117.177:8081/ppic/production_plan/1', 'user update data ppic', 'PUT', '192.168.117.177', 'Mozilla/5.0 (Windows NT 10.0; Win64; x64) AppleWebKit/537.36 (KHTML, like Gecko) Chrome/119.0.0.0 Safari/537.36', '2023-11-27 20:04:33', '2023-11-27 20:04:33'),
	(400, 2, 'http://192.168.117.177:8081/ppic/approval_ppic_atasan/1', 'user update data ppic atasan', 'PUT', '192.168.117.177', 'Mozilla/5.0 (Windows NT 10.0; Win64; x64) AppleWebKit/537.36 (KHTML, like Gecko) Chrome/119.0.0.0 Safari/537.36', '2023-11-27 20:05:30', '2023-11-27 20:05:30'),
	(401, 2, 'http://192.168.117.177:8081/admin/permission', 'user store data permission', 'POST', '192.168.117.177', 'Mozilla/5.0 (Windows NT 10.0; Win64; x64) AppleWebKit/537.36 (KHTML, like Gecko) Chrome/120.0.0.0 Safari/537.36', '2023-12-13 20:35:50', '2023-12-13 20:35:50'),
	(402, 2, 'http://192.168.117.177:8081/admin/permission', 'user store data permission', 'POST', '192.168.117.177', 'Mozilla/5.0 (Windows NT 10.0; Win64; x64) AppleWebKit/537.36 (KHTML, like Gecko) Chrome/120.0.0.0 Safari/537.36', '2023-12-13 20:35:59', '2023-12-13 20:35:59'),
	(403, 2, 'http://192.168.117.177:8081/admin/role/2', 'user update data role', 'PUT', '192.168.117.177', 'Mozilla/5.0 (Windows NT 10.0; Win64; x64) AppleWebKit/537.36 (KHTML, like Gecko) Chrome/120.0.0.0 Safari/537.36', '2023-12-13 20:36:28', '2023-12-13 20:36:28'),
	(404, 2, 'http://192.168.117.177:8081/admin/permission', 'user store data permission', 'POST', '192.168.117.177', 'Mozilla/5.0 (Windows NT 10.0; Win64; x64) AppleWebKit/537.36 (KHTML, like Gecko) Chrome/120.0.0.0 Safari/537.36', '2023-12-18 20:30:39', '2023-12-18 20:30:39'),
	(405, 2, 'http://192.168.117.177:8081/admin/role/2', 'user update data role', 'PUT', '192.168.117.177', 'Mozilla/5.0 (Windows NT 10.0; Win64; x64) AppleWebKit/537.36 (KHTML, like Gecko) Chrome/120.0.0.0 Safari/537.36', '2023-12-18 20:30:49', '2023-12-18 20:30:49'),
	(406, 2, 'http://192.168.117.177:8081/admin/permission', 'user store data permission', 'POST', '192.168.117.177', 'Mozilla/5.0 (Windows NT 10.0; Win64; x64) AppleWebKit/537.36 (KHTML, like Gecko) Chrome/120.0.0.0 Safari/537.36', '2023-12-19 20:55:47', '2023-12-19 20:55:47'),
	(407, 2, 'http://192.168.117.177:8081/admin/permission', 'user store data permission', 'POST', '192.168.117.177', 'Mozilla/5.0 (Windows NT 10.0; Win64; x64) AppleWebKit/537.36 (KHTML, like Gecko) Chrome/120.0.0.0 Safari/537.36', '2023-12-19 20:55:53', '2023-12-19 20:55:53'),
	(408, 2, 'http://192.168.117.177:8081/admin/permission', 'user store data permission', 'POST', '192.168.117.177', 'Mozilla/5.0 (Windows NT 10.0; Win64; x64) AppleWebKit/537.36 (KHTML, like Gecko) Chrome/120.0.0.0 Safari/537.36', '2023-12-19 20:55:58', '2023-12-19 20:55:58'),
	(409, 2, 'http://192.168.117.177:8081/admin/role/2', 'user update data role', 'PUT', '192.168.117.177', 'Mozilla/5.0 (Windows NT 10.0; Win64; x64) AppleWebKit/537.36 (KHTML, like Gecko) Chrome/120.0.0.0 Safari/537.36', '2023-12-19 20:56:10', '2023-12-19 20:56:10'),
	(410, 2, 'http://192.168.117.177:8081/admin/permission', 'user store data permission', 'POST', '192.168.117.177', 'Mozilla/5.0 (Windows NT 10.0; Win64; x64) AppleWebKit/537.36 (KHTML, like Gecko) Chrome/120.0.0.0 Safari/537.36', '2024-01-08 01:17:21', '2024-01-08 01:17:21'),
	(411, 2, 'http://192.168.117.177:8081/admin/permission', 'user store data permission', 'POST', '192.168.117.177', 'Mozilla/5.0 (Windows NT 10.0; Win64; x64) AppleWebKit/537.36 (KHTML, like Gecko) Chrome/120.0.0.0 Safari/537.36', '2024-01-08 01:17:26', '2024-01-08 01:17:26'),
	(412, 2, 'http://192.168.117.177:8081/admin/permission', 'user store data permission', 'POST', '192.168.117.177', 'Mozilla/5.0 (Windows NT 10.0; Win64; x64) AppleWebKit/537.36 (KHTML, like Gecko) Chrome/120.0.0.0 Safari/537.36', '2024-01-08 01:17:31', '2024-01-08 01:17:31'),
	(413, 2, 'http://192.168.117.177:8081/admin/permission', 'user store data permission', 'POST', '192.168.117.177', 'Mozilla/5.0 (Windows NT 10.0; Win64; x64) AppleWebKit/537.36 (KHTML, like Gecko) Chrome/120.0.0.0 Safari/537.36', '2024-01-08 01:17:36', '2024-01-08 01:17:36'),
	(414, 2, 'http://192.168.117.177:8081/admin/role/2', 'user update data role', 'PUT', '192.168.117.177', 'Mozilla/5.0 (Windows NT 10.0; Win64; x64) AppleWebKit/537.36 (KHTML, like Gecko) Chrome/120.0.0.0 Safari/537.36', '2024-01-08 01:17:52', '2024-01-08 01:17:52'),
	(415, 2, 'http://192.168.117.177:8081/admin/permission', 'user store data permission', 'POST', '192.168.117.177', 'Mozilla/5.0 (Windows NT 10.0; Win64; x64) AppleWebKit/537.36 (KHTML, like Gecko) Chrome/121.0.0.0 Safari/537.36', '2024-02-16 00:40:12', '2024-02-16 00:40:12'),
	(416, 2, 'http://192.168.117.177:8081/admin/permission', 'user store data permission', 'POST', '192.168.117.177', 'Mozilla/5.0 (Windows NT 10.0; Win64; x64) AppleWebKit/537.36 (KHTML, like Gecko) Chrome/121.0.0.0 Safari/537.36', '2024-02-16 00:40:19', '2024-02-16 00:40:19'),
	(417, 2, 'http://192.168.117.177:8081/admin/permission', 'user store data permission', 'POST', '192.168.117.177', 'Mozilla/5.0 (Windows NT 10.0; Win64; x64) AppleWebKit/537.36 (KHTML, like Gecko) Chrome/121.0.0.0 Safari/537.36', '2024-02-16 00:40:24', '2024-02-16 00:40:24'),
	(418, 2, 'http://192.168.117.177:8081/admin/permission', 'user store data permission', 'POST', '192.168.117.177', 'Mozilla/5.0 (Windows NT 10.0; Win64; x64) AppleWebKit/537.36 (KHTML, like Gecko) Chrome/121.0.0.0 Safari/537.36', '2024-02-16 00:40:30', '2024-02-16 00:40:30'),
	(419, 2, 'http://192.168.117.177:8081/admin/role/2', 'user update data role', 'PUT', '192.168.117.177', 'Mozilla/5.0 (Windows NT 10.0; Win64; x64) AppleWebKit/537.36 (KHTML, like Gecko) Chrome/121.0.0.0 Safari/537.36', '2024-02-16 00:43:14', '2024-02-16 00:43:14'),
	(420, 2, 'http://192.168.117.177:8081/ppic/production_plan', 'user store data ppic', 'POST', '192.168.117.177', 'Mozilla/5.0 (Windows NT 10.0; Win64; x64) AppleWebKit/537.36 (KHTML, like Gecko) Chrome/121.0.0.0 Safari/537.36', '2024-02-16 03:50:26', '2024-02-16 03:50:26'),
	(421, 2, 'http://192.168.117.177:8081/ppic/production_plan/2', 'user update data ppic', 'PUT', '192.168.117.177', 'Mozilla/5.0 (Windows NT 10.0; Win64; x64) AppleWebKit/537.36 (KHTML, like Gecko) Chrome/121.0.0.0 Safari/537.36', '2024-02-18 21:46:50', '2024-02-18 21:46:50'),
	(422, 2, 'http://192.168.117.177:8081/ppic/production_plan', 'user store data ppic', 'POST', '192.168.117.177', 'Mozilla/5.0 (Windows NT 10.0; Win64; x64) AppleWebKit/537.36 (KHTML, like Gecko) Chrome/121.0.0.0 Safari/537.36', '2024-02-19 00:44:16', '2024-02-19 00:44:16'),
	(423, 2, 'http://192.168.117.177:8081/ppic/production_plan/3', 'user update data ppic', 'PUT', '192.168.117.177', 'Mozilla/5.0 (Windows NT 10.0; Win64; x64) AppleWebKit/537.36 (KHTML, like Gecko) Chrome/121.0.0.0 Safari/537.36', '2024-02-19 00:46:15', '2024-02-19 00:46:15'),
	(424, 2, 'http://192.168.117.177:8081/ppic/approval_ppic_atasan/3', 'user update data ppic atasan', 'PUT', '192.168.117.177', 'Mozilla/5.0 (Windows NT 10.0; Win64; x64) AppleWebKit/537.36 (KHTML, like Gecko) Chrome/121.0.0.0 Safari/537.36', '2024-02-19 01:07:39', '2024-02-19 01:07:39'),
	(425, 2, 'http://192.168.117.177:8081/ppic/approval_ppic_atasan/2', 'user update data ppic atasan', 'PUT', '192.168.117.177', 'Mozilla/5.0 (Windows NT 10.0; Win64; x64) AppleWebKit/537.36 (KHTML, like Gecko) Chrome/121.0.0.0 Safari/537.36', '2024-02-19 01:07:46', '2024-02-19 01:07:46'),
	(426, 2, 'http://192.168.117.177:8081/ppic/production_plan', 'user store data ppic', 'POST', '192.168.117.177', 'Mozilla/5.0 (Windows NT 10.0; Win64; x64) AppleWebKit/537.36 (KHTML, like Gecko) Chrome/121.0.0.0 Safari/537.36', '2024-02-19 02:06:03', '2024-02-19 02:06:03'),
	(427, 2, 'http://192.168.117.177:8081/ppic/approval_ppic_atasan/4', 'user update data ppic atasan', 'PUT', '192.168.117.177', 'Mozilla/5.0 (Windows NT 10.0; Win64; x64) AppleWebKit/537.36 (KHTML, like Gecko) Chrome/121.0.0.0 Safari/537.36', '2024-02-19 02:06:22', '2024-02-19 02:06:22'),
	(428, 2, 'http://192.168.117.177:8082/admin/permission', 'user store data permission', 'POST', '192.168.117.177', 'Mozilla/5.0 (Windows NT 10.0; Win64; x64) AppleWebKit/537.36 (KHTML, like Gecko) Chrome/122.0.0.0 Safari/537.36', '2024-03-04 00:04:10', '2024-03-04 00:04:10'),
	(429, 2, 'http://192.168.117.177:8082/admin/permission', 'user store data permission', 'POST', '192.168.117.177', 'Mozilla/5.0 (Windows NT 10.0; Win64; x64) AppleWebKit/537.36 (KHTML, like Gecko) Chrome/122.0.0.0 Safari/537.36', '2024-03-04 00:04:18', '2024-03-04 00:04:18'),
	(430, 2, 'http://192.168.117.177:8082/admin/role/2', 'user update data role', 'PUT', '192.168.117.177', 'Mozilla/5.0 (Windows NT 10.0; Win64; x64) AppleWebKit/537.36 (KHTML, like Gecko) Chrome/122.0.0.0 Safari/537.36', '2024-03-04 00:04:32', '2024-03-04 00:04:32'),
	(431, 2, 'http://192.168.117.177:8081/admin/permission', 'user store data permission', 'POST', '192.168.117.177', 'Mozilla/5.0 (Windows NT 10.0; Win64; x64) AppleWebKit/537.36 (KHTML, like Gecko) Chrome/122.0.0.0 Safari/537.36', '2024-03-07 18:55:05', '2024-03-07 18:55:05'),
	(432, 2, 'http://192.168.117.177:8081/admin/permission/183', 'user update data permission', 'PUT', '192.168.117.177', 'Mozilla/5.0 (Windows NT 10.0; Win64; x64) AppleWebKit/537.36 (KHTML, like Gecko) Chrome/122.0.0.0 Safari/537.36', '2024-03-07 18:55:20', '2024-03-07 18:55:20'),
	(433, 2, 'http://192.168.117.177:8081/admin/permission', 'user store data permission', 'POST', '192.168.117.177', 'Mozilla/5.0 (Windows NT 10.0; Win64; x64) AppleWebKit/537.36 (KHTML, like Gecko) Chrome/122.0.0.0 Safari/537.36', '2024-03-07 18:55:26', '2024-03-07 18:55:26'),
	(434, 2, 'http://192.168.117.177:8081/admin/permission', 'user store data permission', 'POST', '192.168.117.177', 'Mozilla/5.0 (Windows NT 10.0; Win64; x64) AppleWebKit/537.36 (KHTML, like Gecko) Chrome/122.0.0.0 Safari/537.36', '2024-03-07 18:55:31', '2024-03-07 18:55:31'),
	(435, 2, 'http://192.168.117.177:8081/admin/role/2', 'user update data role', 'PUT', '192.168.117.177', 'Mozilla/5.0 (Windows NT 10.0; Win64; x64) AppleWebKit/537.36 (KHTML, like Gecko) Chrome/122.0.0.0 Safari/537.36', '2024-03-07 18:55:50', '2024-03-07 18:55:50'),
	(436, 2, 'http://192.168.117.177:8081/admin/permission', 'user store data permission', 'POST', '192.168.117.177', 'Mozilla/5.0 (Windows NT 10.0; Win64; x64) AppleWebKit/537.36 (KHTML, like Gecko) Chrome/122.0.0.0 Safari/537.36', '2024-03-18 22:08:53', '2024-03-18 22:08:53'),
	(437, 2, 'http://192.168.117.177:8081/admin/permission', 'user store data permission', 'POST', '192.168.117.177', 'Mozilla/5.0 (Windows NT 10.0; Win64; x64) AppleWebKit/537.36 (KHTML, like Gecko) Chrome/122.0.0.0 Safari/537.36', '2024-03-18 22:08:59', '2024-03-18 22:08:59'),
	(438, 2, 'http://192.168.117.177:8081/admin/permission', 'user store data permission', 'POST', '192.168.117.177', 'Mozilla/5.0 (Windows NT 10.0; Win64; x64) AppleWebKit/537.36 (KHTML, like Gecko) Chrome/122.0.0.0 Safari/537.36', '2024-03-18 22:09:03', '2024-03-18 22:09:03'),
	(439, 2, 'http://192.168.117.177:8081/admin/role/2', 'user update data role', 'PUT', '192.168.117.177', 'Mozilla/5.0 (Windows NT 10.0; Win64; x64) AppleWebKit/537.36 (KHTML, like Gecko) Chrome/122.0.0.0 Safari/537.36', '2024-03-19 21:53:16', '2024-03-19 21:53:16'),
	(440, 2, 'http://192.168.117.177:8081/admin/permission', 'user store data permission', 'POST', '192.168.117.177', 'Mozilla/5.0 (Windows NT 10.0; Win64; x64) AppleWebKit/537.36 (KHTML, like Gecko) Chrome/122.0.0.0 Safari/537.36', '2024-03-19 21:53:32', '2024-03-19 21:53:32'),
	(441, 2, 'http://192.168.117.177:8081/admin/role/2', 'user update data role', 'PUT', '192.168.117.177', 'Mozilla/5.0 (Windows NT 10.0; Win64; x64) AppleWebKit/537.36 (KHTML, like Gecko) Chrome/122.0.0.0 Safari/537.36', '2024-03-19 21:53:46', '2024-03-19 21:53:46'),
	(442, 4, 'http://192.168.117.177:8081/admin/user', 'user store data user account', 'POST', '192.168.117.177', 'Mozilla/5.0 (Windows NT 10.0; Win64; x64) AppleWebKit/537.36 (KHTML, like Gecko) Chrome/122.0.0.0 Safari/537.36', '2024-03-20 00:02:31', '2024-03-20 00:02:31'),
	(443, 2, 'http://192.168.117.177:8081/admin/role', 'user store data role', 'POST', '192.168.117.177', 'Mozilla/5.0 (Windows NT 10.0; Win64; x64) AppleWebKit/537.36 (KHTML, like Gecko) Chrome/122.0.0.0 Safari/537.36', '2024-03-20 00:55:43', '2024-03-20 00:55:43'),
	(444, 2, 'http://192.168.117.177:8081/admin/user/7', 'user update data user account', 'PUT', '192.168.117.177', 'Mozilla/5.0 (Windows NT 10.0; Win64; x64) AppleWebKit/537.36 (KHTML, like Gecko) Chrome/122.0.0.0 Safari/537.36', '2024-03-20 00:56:23', '2024-03-20 00:56:23'),
	(445, 2, 'http://192.168.117.177:8081/admin/user/7', 'user update data user account', 'PUT', '192.168.117.177', 'Mozilla/5.0 (Windows NT 10.0; Win64; x64) AppleWebKit/537.36 (KHTML, like Gecko) Chrome/122.0.0.0 Safari/537.36', '2024-03-20 01:35:05', '2024-03-20 01:35:05'),
	(446, 2, 'http://192.168.117.177:8081/admin/user/7', 'user update data user account', 'PUT', '192.168.117.177', 'Mozilla/5.0 (Windows NT 10.0; Win64; x64) AppleWebKit/537.36 (KHTML, like Gecko) Chrome/122.0.0.0 Safari/537.36', '2024-03-20 21:31:19', '2024-03-20 21:31:19'),
	(447, 2, 'http://192.168.117.177:8081/admin/permission', 'user store data permission', 'POST', '192.168.117.177', 'Mozilla/5.0 (Windows NT 10.0; Win64; x64) AppleWebKit/537.36 (KHTML, like Gecko) Chrome/122.0.0.0 Safari/537.36', '2024-03-20 21:52:29', '2024-03-20 21:52:29'),
	(448, 2, 'http://192.168.117.177:8081/admin/permission', 'user store data permission', 'POST', '192.168.117.177', 'Mozilla/5.0 (Windows NT 10.0; Win64; x64) AppleWebKit/537.36 (KHTML, like Gecko) Chrome/122.0.0.0 Safari/537.36', '2024-03-20 21:52:34', '2024-03-20 21:52:34'),
	(449, 2, 'http://192.168.117.177:8081/admin/permission', 'user store data permission', 'POST', '192.168.117.177', 'Mozilla/5.0 (Windows NT 10.0; Win64; x64) AppleWebKit/537.36 (KHTML, like Gecko) Chrome/122.0.0.0 Safari/537.36', '2024-03-20 21:52:40', '2024-03-20 21:52:40'),
	(450, 2, 'http://192.168.117.177:8081/admin/permission', 'user store data permission', 'POST', '192.168.117.177', 'Mozilla/5.0 (Windows NT 10.0; Win64; x64) AppleWebKit/537.36 (KHTML, like Gecko) Chrome/122.0.0.0 Safari/537.36', '2024-03-20 21:52:45', '2024-03-20 21:52:45'),
	(451, 2, 'http://192.168.117.177:8081/admin/role/2', 'user update data role', 'PUT', '192.168.117.177', 'Mozilla/5.0 (Windows NT 10.0; Win64; x64) AppleWebKit/537.36 (KHTML, like Gecko) Chrome/122.0.0.0 Safari/537.36', '2024-03-20 21:53:01', '2024-03-20 21:53:01'),
	(452, 2, 'http://192.168.117.177:8081/admin/user', 'user store data user account', 'POST', '192.168.117.177', 'Mozilla/5.0 (Windows NT 10.0; Win64; x64) AppleWebKit/537.36 (KHTML, like Gecko) Chrome/122.0.0.0 Safari/537.36', '2024-03-24 20:58:24', '2024-03-24 20:58:24'),
	(453, 2, 'http://192.168.117.177:8081/admin/user', 'user store data user account', 'POST', '192.168.117.177', 'Mozilla/5.0 (Windows NT 10.0; Win64; x64) AppleWebKit/537.36 (KHTML, like Gecko) Chrome/122.0.0.0 Safari/537.36', '2024-03-24 21:00:39', '2024-03-24 21:00:39'),
	(454, 2, 'http://192.168.117.177:8081/admin/user', 'user store data user account', 'POST', '192.168.117.177', 'Mozilla/5.0 (Windows NT 10.0; Win64; x64) AppleWebKit/537.36 (KHTML, like Gecko) Chrome/122.0.0.0 Safari/537.36', '2024-03-24 21:01:24', '2024-03-24 21:01:24'),
	(455, 2, 'http://192.168.117.177:8081/admin/user', 'user store data user account', 'POST', '192.168.117.177', 'Mozilla/5.0 (Windows NT 10.0; Win64; x64) AppleWebKit/537.36 (KHTML, like Gecko) Chrome/122.0.0.0 Safari/537.36', '2024-03-24 21:03:02', '2024-03-24 21:03:02'),
	(456, 2, 'http://192.168.117.177:8081/admin/user', 'user store data user account', 'POST', '192.168.117.177', 'Mozilla/5.0 (Windows NT 10.0; Win64; x64) AppleWebKit/537.36 (KHTML, like Gecko) Chrome/122.0.0.0 Safari/537.36', '2024-03-25 18:39:24', '2024-03-25 18:39:24'),
	(457, 2, 'http://192.168.117.177:8081/admin/user/12', 'user delete data user account', 'DELETE', '192.168.117.177', 'Mozilla/5.0 (Windows NT 10.0; Win64; x64) AppleWebKit/537.36 (KHTML, like Gecko) Chrome/122.0.0.0 Safari/537.36', '2024-03-25 18:40:22', '2024-03-25 18:40:22'),
	(458, 2, 'http://192.168.117.177:8081/admin/user/14', 'user update data user account', 'PUT', '192.168.117.177', 'Mozilla/5.0 (Windows NT 10.0; Win64; x64) AppleWebKit/537.36 (KHTML, like Gecko) Chrome/122.0.0.0 Safari/537.36', '2024-03-25 18:45:04', '2024-03-25 18:45:04'),
	(459, 2, 'http://192.168.117.177:8081/admin/user/14', 'user update data user account', 'PUT', '192.168.117.177', 'Mozilla/5.0 (Windows NT 10.0; Win64; x64) AppleWebKit/537.36 (KHTML, like Gecko) Chrome/122.0.0.0 Safari/537.36', '2024-03-25 18:45:09', '2024-03-25 18:45:09'),
	(460, 2, 'http://192.168.117.177:8081/admin/user/2', 'user update data user account', 'PUT', '192.168.117.177', 'Mozilla/5.0 (Windows NT 10.0; Win64; x64) AppleWebKit/537.36 (KHTML, like Gecko) Chrome/122.0.0.0 Safari/537.36', '2024-03-25 18:46:52', '2024-03-25 18:46:52'),
	(461, 2, 'http://192.168.117.177:8081/admin/role/6', 'user update data role', 'PUT', '192.168.117.177', 'Mozilla/5.0 (Windows NT 10.0; Win64; x64) AppleWebKit/537.36 (KHTML, like Gecko) Chrome/122.0.0.0 Safari/537.36', '2024-03-25 18:47:17', '2024-03-25 18:47:17'),
	(462, 2, 'http://192.168.117.177:8081/admin/user/14', 'user update data user account', 'PUT', '192.168.117.177', 'Mozilla/5.0 (Windows NT 10.0; Win64; x64) AppleWebKit/537.36 (KHTML, like Gecko) Chrome/122.0.0.0 Safari/537.36', '2024-03-25 19:00:16', '2024-03-25 19:00:16'),
	(463, 2, 'http://192.168.117.177:8081/admin/user/14', 'user update data user account', 'PUT', '192.168.117.177', 'Mozilla/5.0 (Windows NT 10.0; Win64; x64) AppleWebKit/537.36 (KHTML, like Gecko) Chrome/122.0.0.0 Safari/537.36', '2024-03-25 19:02:40', '2024-03-25 19:02:40'),
	(464, 2, 'http://192.168.117.177:8081/admin/edit-account-info', 'user change data info user account', 'POST', '192.168.117.177', 'Mozilla/5.0 (Windows NT 10.0; Win64; x64) AppleWebKit/537.36 (KHTML, like Gecko) Chrome/122.0.0.0 Safari/537.36', '2024-03-25 19:18:20', '2024-03-25 19:18:20'),
	(465, 2, 'http://192.168.117.177:8081/admin/edit-account-info', 'user change data info user account', 'POST', '192.168.117.177', 'Mozilla/5.0 (Windows NT 10.0; Win64; x64) AppleWebKit/537.36 (KHTML, like Gecko) Chrome/122.0.0.0 Safari/537.36', '2024-03-25 19:19:09', '2024-03-25 19:19:09'),
	(466, 2, 'http://192.168.117.177:8081/admin/edit-account-info', 'user change data info user account', 'POST', '192.168.117.177', 'Mozilla/5.0 (Windows NT 10.0; Win64; x64) AppleWebKit/537.36 (KHTML, like Gecko) Chrome/122.0.0.0 Safari/537.36', '2024-03-25 19:21:14', '2024-03-25 19:21:14'),
	(467, 2, 'http://192.168.117.177:8081/admin/edit-account-info', 'user change data info user account', 'POST', '192.168.117.177', 'Mozilla/5.0 (Windows NT 10.0; Win64; x64) AppleWebKit/537.36 (KHTML, like Gecko) Chrome/122.0.0.0 Safari/537.36', '2024-03-25 19:21:21', '2024-03-25 19:21:21'),
	(468, 2, 'http://192.168.117.177:8081/admin/edit-account-info', 'user change data info user account', 'POST', '192.168.117.177', 'Mozilla/5.0 (Windows NT 10.0; Win64; x64) AppleWebKit/537.36 (KHTML, like Gecko) Chrome/122.0.0.0 Safari/537.36', '2024-03-25 19:21:43', '2024-03-25 19:21:43'),
	(469, 2, 'http://192.168.117.177:8081/admin/edit-account-info', 'user change data info user account', 'POST', '192.168.117.177', 'Mozilla/5.0 (Windows NT 10.0; Win64; x64) AppleWebKit/537.36 (KHTML, like Gecko) Chrome/122.0.0.0 Safari/537.36', '2024-03-25 19:21:50', '2024-03-25 19:21:50'),
	(470, 2, 'http://192.168.117.177:8081/admin/edit-account-info', 'user change data info user account', 'POST', '192.168.117.177', 'Mozilla/5.0 (Windows NT 10.0; Win64; x64) AppleWebKit/537.36 (KHTML, like Gecko) Chrome/122.0.0.0 Safari/537.36', '2024-03-25 19:21:55', '2024-03-25 19:21:55'),
	(471, 6, 'http://192.168.117.177:8081/admin/role/6', 'user update data role', 'PUT', '192.168.117.177', 'Mozilla/5.0 (Windows NT 10.0; Win64; x64) AppleWebKit/537.36 (KHTML, like Gecko) Chrome/122.0.0.0 Safari/537.36', '2024-03-27 21:22:25', '2024-03-27 21:22:25'),
	(472, 6, 'http://192.168.117.177:8081/admin/role', 'user store data role', 'POST', '192.168.117.177', 'Mozilla/5.0 (Windows NT 10.0; Win64; x64) AppleWebKit/537.36 (KHTML, like Gecko) Chrome/122.0.0.0 Safari/537.36', '2024-03-27 21:22:35', '2024-03-27 21:22:35'),
	(473, 6, 'http://192.168.117.177:8081/admin/role/7', 'user update data role', 'PUT', '192.168.117.177', 'Mozilla/5.0 (Windows NT 10.0; Win64; x64) AppleWebKit/537.36 (KHTML, like Gecko) Chrome/122.0.0.0 Safari/537.36', '2024-03-27 21:23:02', '2024-03-27 21:23:02'),
	(474, 6, 'http://192.168.117.177:8081/admin/user/4', 'user update data user account', 'PUT', '192.168.117.177', 'Mozilla/5.0 (Windows NT 10.0; Win64; x64) AppleWebKit/537.36 (KHTML, like Gecko) Chrome/122.0.0.0 Safari/537.36', '2024-03-27 21:23:19', '2024-03-27 21:23:19'),
	(475, 6, 'http://192.168.117.177:8081/admin/user/8', 'user update data user account', 'PUT', '192.168.117.177', 'Mozilla/5.0 (Windows NT 10.0; Win64; x64) AppleWebKit/537.36 (KHTML, like Gecko) Chrome/122.0.0.0 Safari/537.36', '2024-03-27 21:23:42', '2024-03-27 21:23:42'),
	(476, 2, 'http://192.168.103.74:8081/admin/user', 'user store data user account', 'POST', '192.168.103.74', 'Mozilla/5.0 (Windows NT 10.0; Win64; x64) AppleWebKit/537.36 (KHTML, like Gecko) Chrome/125.0.0.0 Safari/537.36', '2024-05-26 21:07:08', '2024-05-26 21:07:08'),
	(477, 2, 'http://192.168.103.74:8081/admin/permission', 'user store data permission', 'POST', '192.168.103.74', 'Mozilla/5.0 (Windows NT 10.0; Win64; x64) AppleWebKit/537.36 (KHTML, like Gecko) Chrome/125.0.0.0 Safari/537.36', '2024-06-09 18:57:54', '2024-06-09 18:57:54'),
	(478, 2, 'http://192.168.103.74:8081/admin/permission', 'user store data permission', 'POST', '192.168.103.74', 'Mozilla/5.0 (Windows NT 10.0; Win64; x64) AppleWebKit/537.36 (KHTML, like Gecko) Chrome/125.0.0.0 Safari/537.36', '2024-06-09 18:58:00', '2024-06-09 18:58:00'),
	(479, 2, 'http://192.168.103.74:8081/admin/permission', 'user store data permission', 'POST', '192.168.103.74', 'Mozilla/5.0 (Windows NT 10.0; Win64; x64) AppleWebKit/537.36 (KHTML, like Gecko) Chrome/125.0.0.0 Safari/537.36', '2024-06-09 18:58:06', '2024-06-09 18:58:06'),
	(480, 2, 'http://192.168.103.74:8081/admin/permission', 'user store data permission', 'POST', '192.168.103.74', 'Mozilla/5.0 (Windows NT 10.0; Win64; x64) AppleWebKit/537.36 (KHTML, like Gecko) Chrome/125.0.0.0 Safari/537.36', '2024-06-09 18:58:12', '2024-06-09 18:58:12'),
	(481, 2, 'http://192.168.103.74:8081/admin/role/2', 'user update data role', 'PUT', '192.168.103.74', 'Mozilla/5.0 (Windows NT 10.0; Win64; x64) AppleWebKit/537.36 (KHTML, like Gecko) Chrome/125.0.0.0 Safari/537.36', '2024-06-09 18:58:23', '2024-06-09 18:58:23'),
	(482, 2, 'http://192.168.103.74:8081/admin/user/4', 'user update data user account', 'PUT', '192.168.103.74', 'Mozilla/5.0 (Windows NT 10.0; Win64; x64) AppleWebKit/537.36 (KHTML, like Gecko) Chrome/125.0.0.0 Safari/537.36', '2024-06-11 21:24:26', '2024-06-11 21:24:26'),
	(483, 2, 'http://192.168.103.74:8081/admin/permission', 'user store data permission', 'POST', '192.168.103.74', 'Mozilla/5.0 (Windows NT 10.0; Win64; x64) AppleWebKit/537.36 (KHTML, like Gecko) Chrome/125.0.0.0 Safari/537.36', '2024-06-12 19:56:29', '2024-06-12 19:56:29'),
	(484, 2, 'http://192.168.103.74:8081/admin/permission', 'user store data permission', 'POST', '192.168.103.74', 'Mozilla/5.0 (Windows NT 10.0; Win64; x64) AppleWebKit/537.36 (KHTML, like Gecko) Chrome/125.0.0.0 Safari/537.36', '2024-06-12 19:56:33', '2024-06-12 19:56:33'),
	(485, 2, 'http://192.168.103.74:8081/admin/permission', 'user store data permission', 'POST', '192.168.103.74', 'Mozilla/5.0 (Windows NT 10.0; Win64; x64) AppleWebKit/537.36 (KHTML, like Gecko) Chrome/125.0.0.0 Safari/537.36', '2024-06-12 19:56:39', '2024-06-12 19:56:39'),
	(486, 2, 'http://192.168.103.74:8081/admin/permission', 'user store data permission', 'POST', '192.168.103.74', 'Mozilla/5.0 (Windows NT 10.0; Win64; x64) AppleWebKit/537.36 (KHTML, like Gecko) Chrome/125.0.0.0 Safari/537.36', '2024-06-12 19:56:45', '2024-06-12 19:56:45'),
	(487, 2, 'http://192.168.103.74:8081/admin/role/2', 'user update data role', 'PUT', '192.168.103.74', 'Mozilla/5.0 (Windows NT 10.0; Win64; x64) AppleWebKit/537.36 (KHTML, like Gecko) Chrome/125.0.0.0 Safari/537.36', '2024-06-12 19:57:07', '2024-06-12 19:57:07'),
	(488, 2, 'http://192.168.103.74:8081/admin/role/2', 'user update data role', 'PUT', '192.168.103.74', 'Mozilla/5.0 (Windows NT 10.0; Win64; x64) AppleWebKit/537.36 (KHTML, like Gecko) Chrome/126.0.0.0 Safari/537.36', '2024-06-18 21:35:32', '2024-06-18 21:35:32'),
	(489, 2, 'http://192.173.10.94:8081/admin/user', 'user store data user account', 'POST', '192.173.10.94', 'Mozilla/5.0 (Windows NT 10.0; Win64; x64) AppleWebKit/537.36 (KHTML, like Gecko) Chrome/126.0.0.0 Safari/537.36', '2024-06-20 20:22:41', '2024-06-20 20:22:41'),
	(490, 2, 'http://192.173.10.94:8081/admin/user', 'user store data user account', 'POST', '192.173.10.94', 'Mozilla/5.0 (Windows NT 10.0; Win64; x64) AppleWebKit/537.36 (KHTML, like Gecko) Chrome/126.0.0.0 Safari/537.36', '2024-06-20 20:24:41', '2024-06-20 20:24:41');

-- Dumping structure for table ga-sheet.lara_failed_jobs
CREATE TABLE IF NOT EXISTS `lara_failed_jobs` (
  `id` bigint(20) unsigned NOT NULL AUTO_INCREMENT,
  `uuid` varchar(150) CHARACTER SET utf8mb4 COLLATE utf8mb4_unicode_ci NOT NULL,
  `connection` text CHARACTER SET utf8mb4 COLLATE utf8mb4_unicode_ci NOT NULL,
  `queue` text CHARACTER SET utf8mb4 COLLATE utf8mb4_unicode_ci NOT NULL,
  `payload` longtext CHARACTER SET utf8mb4 COLLATE utf8mb4_unicode_ci NOT NULL,
  `exception` longtext CHARACTER SET utf8mb4 COLLATE utf8mb4_unicode_ci NOT NULL,
  `failed_at` timestamp NOT NULL DEFAULT CURRENT_TIMESTAMP,
  PRIMARY KEY (`id`),
  UNIQUE KEY `failed_jobs_uuid_unique` (`uuid`)
) ENGINE=InnoDB DEFAULT CHARSET=armscii8 COLLATE=armscii8_bin;

-- Dumping data for table ga-sheet.lara_failed_jobs: ~0 rows (approximately)

-- Dumping structure for table ga-sheet.lara_menus
CREATE TABLE IF NOT EXISTS `lara_menus` (
  `id` bigint(20) unsigned NOT NULL AUTO_INCREMENT,
  `name` varchar(255) CHARACTER SET utf8mb4 COLLATE utf8mb4_unicode_ci NOT NULL,
  `description` varchar(255) CHARACTER SET utf8mb4 COLLATE utf8mb4_unicode_ci DEFAULT NULL,
  `machine_name` varchar(64) CHARACTER SET utf8mb4 COLLATE utf8mb4_unicode_ci NOT NULL,
  `created_at` timestamp NULL DEFAULT NULL,
  `updated_at` timestamp NULL DEFAULT NULL,
  PRIMARY KEY (`id`),
  UNIQUE KEY `menus_machine_name_unique` (`machine_name`)
) ENGINE=InnoDB AUTO_INCREMENT=2 DEFAULT CHARSET=armscii8 COLLATE=armscii8_bin;

-- Dumping data for table ga-sheet.lara_menus: ~1 rows (approximately)
INSERT INTO `lara_menus` (`id`, `name`, `description`, `machine_name`, `created_at`, `updated_at`) VALUES
	(1, 'Admin', 'Admin Menu', 'admin', '2023-03-29 06:39:34', '2023-03-29 06:39:34');

-- Dumping structure for table ga-sheet.lara_menu_items
CREATE TABLE IF NOT EXISTS `lara_menu_items` (
  `id` bigint(20) unsigned NOT NULL AUTO_INCREMENT,
  `menu_id` bigint(20) unsigned NOT NULL,
  `name` varchar(255) CHARACTER SET utf8mb4 COLLATE utf8mb4_unicode_ci NOT NULL,
  `uri` varchar(255) CHARACTER SET utf8mb4 COLLATE utf8mb4_unicode_ci DEFAULT NULL,
  `description` varchar(255) CHARACTER SET utf8mb4 COLLATE utf8mb4_unicode_ci DEFAULT NULL,
  `parent_id` bigint(20) unsigned DEFAULT NULL,
  `weight` int(11) NOT NULL DEFAULT '0',
  `enabled` tinyint(1) NOT NULL,
  `created_at` timestamp NULL DEFAULT NULL,
  `updated_at` timestamp NULL DEFAULT NULL,
  PRIMARY KEY (`id`),
  KEY `menu_items_menu_id_foreign` (`menu_id`),
  CONSTRAINT `menu_items_menu_id_foreign` FOREIGN KEY (`menu_id`) REFERENCES `lara_menus` (`id`) ON DELETE CASCADE
) ENGINE=InnoDB AUTO_INCREMENT=7 DEFAULT CHARSET=armscii8 COLLATE=armscii8_bin;

-- Dumping data for table ga-sheet.lara_menu_items: ~6 rows (approximately)
INSERT INTO `lara_menu_items` (`id`, `menu_id`, `name`, `uri`, `description`, `parent_id`, `weight`, `enabled`, `created_at`, `updated_at`) VALUES
	(1, 1, 'Dashboard', '/dashboard', NULL, NULL, 0, 1, '2023-03-29 06:39:34', '2023-03-29 06:39:34'),
	(2, 1, 'Permissions', '/<admin>/permission', NULL, NULL, 1, 1, '2023-03-29 06:39:34', '2023-03-29 06:39:34'),
	(3, 1, 'Roles', '/<admin>/role', NULL, NULL, 2, 1, '2023-03-29 06:39:34', '2023-03-29 06:39:34'),
	(4, 1, 'Users', '/<admin>/user', NULL, NULL, 3, 1, '2023-03-29 06:39:34', '2023-03-29 06:39:34'),
	(5, 1, 'Menus', '/<admin>/menu', NULL, NULL, 4, 1, '2023-03-29 06:39:34', '2023-03-29 07:02:12'),
	(6, 1, 'Submission', 'https://submission.digipufr.com', NULL, NULL, 5, 1, '2023-03-29 06:48:39', '2023-03-29 08:04:57');

-- Dumping structure for table ga-sheet.lara_migrations
CREATE TABLE IF NOT EXISTS `lara_migrations` (
  `id` int(10) unsigned NOT NULL AUTO_INCREMENT,
  `migration` varchar(255) CHARACTER SET utf8mb4 COLLATE utf8mb4_unicode_ci NOT NULL,
  `batch` int(11) NOT NULL,
  PRIMARY KEY (`id`)
) ENGINE=InnoDB AUTO_INCREMENT=73 DEFAULT CHARSET=armscii8 COLLATE=armscii8_bin;

-- Dumping data for table ga-sheet.lara_migrations: ~43 rows (approximately)
INSERT INTO `lara_migrations` (`id`, `migration`, `batch`) VALUES
	(1, '2014_10_12_000000_create_users_table', 1),
	(2, '2014_10_12_100000_create_password_resets_table', 1),
	(3, '2019_08_19_000000_create_failed_jobs_table', 1),
	(4, '2019_12_14_000001_create_personal_access_tokens_table', 1),
	(5, '2022_07_11_225131_create_permission_tables', 1),
	(6, '2023_03_29_133924_create_menu_tables', 1),
	(22, '2023_05_15_014724_create_lara_master_item_super_group_table', 2),
	(23, '2023_05_15_015311_create_lara_master_item_group_table', 2),
	(24, '2023_05_15_020339_create_lara_master_shift_table', 2),
	(25, '2023_05_15_020650_create_lara_master_formation_table', 2),
	(26, '2023_05_15_021739_alter_create_field_lara_master_shift_id_on_users_table', 2),
	(27, '2023_05_15_021747_alter_create_field_lara_master_formation_id_on_users_table', 2),
	(28, '2023_05_15_094440_alter_create_field_parent_id_on_lara_master_item_group', 3),
	(29, '2023_05_16_084718_create_lara_master_item_category_table', 4),
	(33, '2023_05_17_065308_create_lara_master_item_group_tree_table', 5),
	(34, '2023_05_17_081412_create_lara_master_item_brand_table', 6),
	(35, '2023_05_19_033059_create_lara_master_item_type_table', 7),
	(36, '2023_05_19_040715_create_lara_master_item_unit_table', 8),
	(37, '2023_05_19_082914_create_lara_master_masa_item_table', 9),
	(42, '2023_05_21_065937_create_lara_master_item_table', 10),
	(47, '2023_05_22_064818_create_lara_master_produk_table', 11),
	(50, '2023_05_24_034700_create_lara_bom_header_table', 12),
	(51, '2023_05_24_040322_create_lara_bom_item_table', 12),
	(52, '2023_05_24_080508_create_lara_bom_header_history_table', 13),
	(53, '2023_05_29_095156_create_lara_master_warehouse_table', 14),
	(54, '2023_05_31_035458_create_lara_bom_unit_konversi_table', 15),
	(55, '2023_06_03_091204_create_lara_master_bom_type_table', 16),
	(56, '2023_06_03_100401_create_lara_master_seq_process_table', 17),
	(57, '2023_06_03_101021_create_lara_master_stork_table', 17),
	(58, '2023_06_03_101027_create_lara_master_mesin_table', 17),
	(59, '2023_06_03_102842_create_lara_mesin_stork_table', 17),
	(61, '2023_06_06_021652_create_lara_master_line_table', 18),
	(62, '2023_06_06_025330_create_lara_mesin_line_table', 19),
	(63, '2023_06_06_032949_create_lara_bom_line_table', 20),
	(64, '2023_06_09_043902_create_lara_master_rnd_atasan_table', 21),
	(65, '2023_06_14_082849_create_lara_production_plan_table', 22),
	(66, '2023_06_14_084004_create_lara_production_plan_history_table', 22),
	(67, '2023_06_15_082028_create_lara_master_palet_table', 23),
	(68, '2023_06_22_015723_create_lara_production_plan_item_table', 24),
	(69, '2023_07_05_023357_create_lara_production_plan_item_temp_table', 25),
	(70, '2023_07_05_023604_create_lara_production_real_item_table', 26),
	(71, '2023_07_05_033837_create_lara_master_produksi_atasan_table', 27),
	(72, '2023_07_15_055453_create_activities_log_table', 28);

-- Dumping structure for table ga-sheet.lara_model_has_permissions
CREATE TABLE IF NOT EXISTS `lara_model_has_permissions` (
  `permission_id` bigint(20) unsigned NOT NULL,
  `model_type` varchar(100) CHARACTER SET utf8mb4 COLLATE utf8mb4_unicode_ci NOT NULL,
  `model_id` bigint(20) unsigned NOT NULL,
  PRIMARY KEY (`permission_id`,`model_id`,`model_type`),
  KEY `model_has_permissions_model_id_model_type_index` (`model_id`,`model_type`),
  CONSTRAINT `model_has_permissions_permission_id_foreign` FOREIGN KEY (`permission_id`) REFERENCES `lara_permissions` (`id`) ON DELETE CASCADE
) ENGINE=InnoDB DEFAULT CHARSET=armscii8 COLLATE=armscii8_bin;

-- Dumping data for table ga-sheet.lara_model_has_permissions: ~0 rows (approximately)

-- Dumping structure for table ga-sheet.lara_model_has_roles
CREATE TABLE IF NOT EXISTS `lara_model_has_roles` (
  `role_id` bigint(20) unsigned NOT NULL,
  `model_type` varchar(100) CHARACTER SET utf8mb4 COLLATE utf8mb4_unicode_ci NOT NULL,
  `model_id` bigint(20) unsigned NOT NULL,
  PRIMARY KEY (`role_id`,`model_id`,`model_type`),
  KEY `model_has_roles_model_id_model_type_index` (`model_id`,`model_type`),
  CONSTRAINT `model_has_roles_role_id_foreign` FOREIGN KEY (`role_id`) REFERENCES `lara_roles` (`id`) ON DELETE CASCADE
) ENGINE=InnoDB DEFAULT CHARSET=armscii8 COLLATE=armscii8_bin;

-- Dumping data for table ga-sheet.lara_model_has_roles: ~19 rows (approximately)
INSERT INTO `lara_model_has_roles` (`role_id`, `model_type`, `model_id`) VALUES
	(1, 'App\\Models\\User', 3),
	(1, 'App\\Models\\User', 4),
	(1, 'App\\Models\\User', 5),
	(1, 'App\\Models\\User', 7),
	(1, 'App\\Models\\User', 9),
	(1, 'App\\Models\\User', 10),
	(1, 'App\\Models\\User', 11),
	(1, 'App\\Models\\User', 13),
	(1, 'App\\Models\\User', 14),
	(1, 'App\\Models\\User', 17),
	(1, 'App\\Models\\User', 19),
	(2, 'App\\Models\\User', 2),
	(2, 'App\\Models\\User', 6),
	(3, 'App\\Models\\User', 1),
	(4, 'App\\Models\\User', 6),
	(5, 'App\\Models\\User', 6),
	(6, 'App\\Models\\User', 2),
	(6, 'App\\Models\\User', 18),
	(7, 'App\\Models\\User', 8);

-- Dumping structure for table ga-sheet.lara_password_resets
CREATE TABLE IF NOT EXISTS `lara_password_resets` (
  `email` varchar(255) CHARACTER SET utf8mb4 COLLATE utf8mb4_unicode_ci NOT NULL,
  `token` varchar(255) CHARACTER SET utf8mb4 COLLATE utf8mb4_unicode_ci NOT NULL,
  `created_at` timestamp NULL DEFAULT NULL,
  KEY `password_resets_email_index` (`email`(191))
) ENGINE=InnoDB DEFAULT CHARSET=armscii8 COLLATE=armscii8_bin;

-- Dumping data for table ga-sheet.lara_password_resets: ~0 rows (approximately)

-- Dumping structure for table ga-sheet.lara_permissions
CREATE TABLE IF NOT EXISTS `lara_permissions` (
  `id` bigint(20) unsigned NOT NULL AUTO_INCREMENT,
  `name` varchar(100) CHARACTER SET utf8mb4 COLLATE utf8mb4_unicode_ci NOT NULL,
  `guard_name` varchar(100) CHARACTER SET utf8mb4 COLLATE utf8mb4_unicode_ci NOT NULL,
  `created_at` timestamp NULL DEFAULT NULL,
  `updated_at` timestamp NULL DEFAULT NULL,
  PRIMARY KEY (`id`),
  UNIQUE KEY `permissions_name_guard_name_unique` (`name`,`guard_name`)
) ENGINE=InnoDB AUTO_INCREMENT=202 DEFAULT CHARSET=armscii8 COLLATE=armscii8_bin;

-- Dumping data for table ga-sheet.lara_permissions: ~199 rows (approximately)
INSERT INTO `lara_permissions` (`id`, `name`, `guard_name`, `created_at`, `updated_at`) VALUES
	(1, 'permission list', 'web', '2023-03-29 06:39:33', '2023-03-29 06:39:33'),
	(2, 'permission create', 'web', '2023-03-29 06:39:33', '2023-03-29 06:39:33'),
	(3, 'permission edit', 'web', '2023-03-29 06:39:33', '2023-03-29 06:39:33'),
	(4, 'permission delete', 'web', '2023-03-29 06:39:33', '2023-03-29 06:39:33'),
	(5, 'role list', 'web', '2023-03-29 06:39:33', '2023-03-29 06:39:33'),
	(6, 'role create', 'web', '2023-03-29 06:39:33', '2023-03-29 06:39:33'),
	(7, 'role edit', 'web', '2023-03-29 06:39:33', '2023-03-29 06:39:33'),
	(8, 'role delete', 'web', '2023-03-29 06:39:33', '2023-03-29 06:39:33'),
	(9, 'user list', 'web', '2023-03-29 06:39:33', '2023-03-29 06:39:33'),
	(10, 'user create', 'web', '2023-03-29 06:39:33', '2023-03-29 06:39:33'),
	(11, 'user edit', 'web', '2023-03-29 06:39:33', '2023-03-29 06:39:33'),
	(12, 'user delete', 'web', '2023-03-29 06:39:33', '2023-03-29 06:39:33'),
	(13, 'menu list', 'web', '2023-03-29 06:39:33', '2023-03-29 06:39:33'),
	(14, 'menu create', 'web', '2023-03-29 06:39:33', '2023-03-29 06:39:33'),
	(15, 'menu edit', 'web', '2023-03-29 06:39:33', '2023-03-29 06:39:33'),
	(16, 'menu delete', 'web', '2023-03-29 06:39:33', '2023-03-29 06:39:33'),
	(17, 'menu.item list', 'web', '2023-03-29 06:39:34', '2023-03-29 06:39:34'),
	(18, 'menu.item create', 'web', '2023-03-29 06:39:34', '2023-03-29 06:39:34'),
	(19, 'menu.item edit', 'web', '2023-03-29 06:39:34', '2023-03-29 06:39:34'),
	(20, 'menu.item delete', 'web', '2023-03-29 06:39:34', '2023-03-29 06:39:34'),
	(22, 'fst list', 'web', '2023-04-01 19:50:03', '2023-04-01 19:50:03'),
	(23, 'fst create', 'web', '2023-04-01 19:50:14', '2023-04-01 19:50:14'),
	(24, 'fst edit', 'web', '2023-04-01 19:50:24', '2023-04-01 19:50:24'),
	(25, 'fst delete', 'web', '2023-04-01 19:50:35', '2023-04-01 19:50:35'),
	(26, 'fp list', 'web', '2023-04-02 07:46:41', '2023-04-02 07:46:41'),
	(27, 'fp create', 'web', '2023-04-02 07:46:51', '2023-04-02 07:46:51'),
	(28, 'fp edit', 'web', '2023-04-02 07:47:03', '2023-04-02 07:47:03'),
	(29, 'fp delete', 'web', '2023-04-02 07:47:10', '2023-04-02 07:47:10'),
	(30, 'master_shift list', 'web', NULL, NULL),
	(31, 'master_shift create', 'web', NULL, NULL),
	(32, 'master_shift edit', 'web', NULL, NULL),
	(33, 'master_shift delete', 'web', NULL, NULL),
	(34, 'master_formation list', 'web', '2023-05-13 05:15:09', '2023-05-13 05:15:09'),
	(35, 'master_formation create', 'web', '2023-05-13 05:15:22', '2023-05-13 05:15:22'),
	(36, 'master_formation edit', 'web', '2023-05-13 05:15:31', '2023-05-13 05:15:31'),
	(37, 'master_formation delete', 'web', '2023-05-13 05:15:41', '2023-05-13 05:15:41'),
	(38, 'master_item_super_group list', 'web', '2023-05-14 23:27:54', '2023-05-14 23:27:54'),
	(39, 'master_item_super_group create', 'web', '2023-05-14 23:28:06', '2023-05-14 23:28:06'),
	(40, 'master_item_super_group edit', 'web', '2023-05-14 23:28:12', '2023-05-14 23:28:12'),
	(41, 'master_item_super_group delete', 'web', '2023-05-14 23:28:18', '2023-05-14 23:28:18'),
	(42, 'master_item_group list', 'web', '2023-05-14 23:28:39', '2023-05-14 23:28:39'),
	(43, 'master_item_group create', 'web', '2023-05-14 23:28:45', '2023-05-14 23:28:45'),
	(44, 'master_item_group edit', 'web', '2023-05-14 23:28:50', '2023-05-14 23:28:50'),
	(45, 'master_item_group delete', 'web', '2023-05-14 23:28:55', '2023-05-14 23:28:55'),
	(46, 'master_item_category list', 'web', '2023-05-16 02:55:11', '2023-05-16 02:55:11'),
	(47, 'master_item_category create', 'web', '2023-05-16 02:55:42', '2023-05-16 02:55:42'),
	(48, 'master_item_category edit', 'web', '2023-05-16 02:55:54', '2023-05-16 02:55:54'),
	(49, 'master_item_category delete', 'web', '2023-05-16 02:56:06', '2023-05-16 02:56:06'),
	(50, 'master_item_brand list', 'web', '2023-05-18 19:30:33', '2023-05-18 19:30:33'),
	(51, 'master_item_brand create', 'web', '2023-05-18 19:30:43', '2023-05-18 19:30:43'),
	(52, 'master_item_brand edit', 'web', '2023-05-18 19:30:57', '2023-05-18 19:30:57'),
	(53, 'master_item_brand delete', 'web', '2023-05-18 19:31:16', '2023-05-18 19:31:16'),
	(54, 'master_item_type list', 'web', '2023-05-18 20:27:01', '2023-05-18 20:27:01'),
	(55, 'master_item_type create', 'web', '2023-05-18 20:27:24', '2023-05-18 20:27:24'),
	(56, 'master_item_type edit', 'web', '2023-05-18 20:28:35', '2023-05-18 20:28:35'),
	(57, 'master_item_type delete', 'web', '2023-05-18 20:28:49', '2023-05-18 20:28:49'),
	(58, 'master_item_unit list', 'web', '2023-05-18 21:05:12', '2023-05-18 21:05:12'),
	(59, 'master_item_unit create', 'web', '2023-05-18 21:05:17', '2023-05-18 21:05:17'),
	(60, 'master_item_unit edit', 'web', '2023-05-18 21:05:23', '2023-05-18 21:05:23'),
	(61, 'master_item_unit delete', 'web', '2023-05-18 21:05:29', '2023-05-18 21:05:29'),
	(62, 'master_masa_item list', 'web', '2023-05-19 03:05:30', '2023-05-19 03:05:30'),
	(63, 'master_masa_item create', 'web', '2023-05-19 03:05:35', '2023-05-19 03:05:35'),
	(64, 'master_masa_item edit', 'web', '2023-05-19 03:05:39', '2023-05-19 03:05:39'),
	(65, 'master_masa_item delete', 'web', '2023-05-19 03:05:44', '2023-05-19 03:05:44'),
	(66, 'master_item list', 'web', '2023-05-20 23:26:05', '2023-05-20 23:26:05'),
	(67, 'master_item create', 'web', '2023-05-20 23:26:10', '2023-05-20 23:26:10'),
	(68, 'master_item edit', 'web', '2023-05-20 23:26:15', '2023-05-20 23:26:15'),
	(69, 'master_item delete', 'web', '2023-05-20 23:26:20', '2023-05-20 23:26:20'),
	(70, 'master_produk list', 'web', '2023-05-21 23:45:31', '2023-05-21 23:45:31'),
	(71, 'master_produk create', 'web', '2023-05-21 23:45:38', '2023-05-21 23:45:38'),
	(72, 'master_produk edit', 'web', '2023-05-21 23:45:47', '2023-05-21 23:45:47'),
	(73, 'master_produk delete', 'web', '2023-05-21 23:45:54', '2023-05-21 23:45:54'),
	(74, 'bom list', 'web', '2023-05-24 01:16:48', '2023-05-24 01:16:48'),
	(75, 'bom create', 'web', '2023-05-24 01:16:53', '2023-05-24 01:16:53'),
	(76, 'bom edit', 'web', '2023-05-24 01:17:00', '2023-05-24 01:17:00'),
	(77, 'bom delete', 'web', '2023-05-24 01:17:05', '2023-05-24 01:17:05'),
	(78, 'approval_rnd_atasan_bom list', 'web', '2023-06-10 08:55:32', '2023-06-10 08:55:32'),
	(79, 'approval_rnd_atasan_bom create', 'web', '2023-06-10 09:32:16', '2023-06-10 09:32:16'),
	(80, 'approval_rnd_atasan_bom edit', 'web', '2023-06-10 09:32:22', '2023-06-10 09:32:22'),
	(81, 'approval_rnd_atasan_bom delete', 'web', '2023-06-10 09:32:27', '2023-06-10 09:32:27'),
	(82, 'production_plan list', 'web', '2023-06-14 01:19:18', '2023-06-14 01:19:18'),
	(83, 'production_plan create', 'web', '2023-06-14 01:25:21', '2023-06-14 01:25:21'),
	(84, 'production_plan edit', 'web', '2023-06-14 01:25:25', '2023-06-14 01:25:25'),
	(85, 'production_plan delete', 'web', '2023-06-14 01:25:32', '2023-06-14 01:25:32'),
	(86, 'master_mesin list', 'web', '2023-06-15 01:35:44', '2023-06-15 01:35:44'),
	(87, 'master_mesin create', 'web', '2023-06-15 01:35:50', '2023-06-15 01:35:50'),
	(88, 'master_mesin edit', 'web', '2023-06-15 01:35:56', '2023-06-15 01:35:56'),
	(89, 'master_mesin delete', 'web', '2023-06-15 01:36:01', '2023-06-15 01:36:01'),
	(90, 'master_stork list', 'web', '2023-06-15 01:36:17', '2023-06-15 01:36:38'),
	(91, 'master_stork create', 'web', '2023-06-15 01:36:22', '2023-06-15 01:36:43'),
	(92, 'master_stork edit', 'web', '2023-06-15 01:36:31', '2023-06-15 01:36:48'),
	(93, 'master_stork delete', 'web', '2023-06-15 01:36:55', '2023-06-15 01:36:55'),
	(94, 'master_line list', 'web', '2023-06-15 01:37:04', '2023-06-15 01:37:04'),
	(95, 'master_line create', 'web', '2023-06-15 01:37:11', '2023-06-15 01:37:11'),
	(96, 'master_line edit', 'web', '2023-06-15 01:37:25', '2023-06-15 01:37:25'),
	(97, 'master_line delete', 'web', '2023-06-15 01:37:31', '2023-06-15 01:37:31'),
	(98, 'master_palet list', 'web', '2023-06-15 01:37:41', '2023-06-15 01:37:56'),
	(99, 'master_palet create', 'web', '2023-06-15 01:37:48', '2023-06-15 01:38:00'),
	(100, 'master_palet edit', 'web', '2023-06-15 01:38:06', '2023-06-15 01:38:06'),
	(101, 'master_palet delete', 'web', '2023-06-15 01:38:12', '2023-06-15 01:38:12'),
	(102, 'master_warehouse_view list', 'web', '2023-07-02 18:44:44', '2023-07-02 18:44:44'),
	(103, 'master_warehouse_view create', 'web', '2023-07-02 18:44:54', '2023-07-02 18:44:54'),
	(104, 'master_warehouse_view edit', 'web', '2023-07-02 18:45:00', '2023-07-02 18:45:00'),
	(105, 'master_warehouse_view delete', 'web', '2023-07-02 18:45:06', '2023-07-02 18:45:06'),
	(106, 'approval_ppic_atasan list', 'web', '2023-07-03 00:38:42', '2023-07-03 00:38:42'),
	(107, 'approval_ppic_atasan create', 'web', '2023-07-03 00:38:48', '2023-07-03 00:38:48'),
	(108, 'approval_ppic_atasan edit', 'web', '2023-07-03 00:38:53', '2023-07-03 00:38:53'),
	(109, 'approval_ppic_atasan delete', 'web', '2023-07-03 00:39:03', '2023-07-03 00:39:03'),
	(110, 'req_bom list', 'web', '2023-07-25 19:49:14', '2023-07-25 19:49:14'),
	(111, 'req_bom create', 'web', '2023-07-25 19:49:22', '2023-07-25 19:49:22'),
	(112, 'req_bom edit', 'web', '2023-07-25 19:49:29', '2023-07-25 19:49:29'),
	(113, 'req_bom delete', 'web', '2023-07-25 19:49:39', '2023-07-25 19:49:39'),
	(114, 'req_bom_rnd_atasan list', 'web', '2023-08-01 00:06:44', '2023-08-01 00:06:44'),
	(115, 'req_bom_rnd_atasan create', 'web', '2023-08-01 00:06:49', '2023-08-01 00:06:49'),
	(116, 'req_bom_rnd_atasan edit', 'web', '2023-08-01 00:06:56', '2023-08-01 00:06:56'),
	(117, 'req_bom_rnd_atasan delete', 'web', '2023-08-01 00:07:01', '2023-08-01 00:07:01'),
	(118, 'req_bom_produksi_atasan list', 'web', '2023-08-01 00:07:19', '2023-08-01 00:07:19'),
	(119, 'req_bom_produksi_atasan create', 'web', '2023-08-01 00:07:24', '2023-08-01 00:07:24'),
	(120, 'req_bom_produksi_atasan edit', 'web', '2023-08-01 00:07:29', '2023-08-01 00:07:29'),
	(121, 'req_bom_produksi_atasan delete', 'web', '2023-08-01 00:07:34', '2023-08-01 00:07:34'),
	(122, 'job_costing list', 'web', '2023-08-13 20:39:58', '2023-08-13 20:39:58'),
	(123, 'job_costing create', 'web', '2023-08-13 20:40:04', '2023-08-13 20:40:04'),
	(124, 'job_costing edit', 'web', '2023-08-13 20:40:11', '2023-08-13 20:40:11'),
	(125, 'job_costing delete', 'web', '2023-08-13 20:40:18', '2023-08-13 20:40:18'),
	(126, 'master_sequence list', 'web', '2023-08-29 01:59:09', '2023-08-29 01:59:09'),
	(127, 'master_sequence create', 'web', '2023-08-29 01:59:15', '2023-08-29 01:59:15'),
	(128, 'roll_over list', 'web', '2023-09-14 00:59:13', '2023-09-14 00:59:13'),
	(129, 'roll_over create', 'web', '2023-09-14 00:59:21', '2023-09-14 00:59:21'),
	(130, 'roll_over edit', 'web', '2023-09-14 00:59:27', '2023-09-14 00:59:27'),
	(131, 'roll_over delete', 'web', '2023-09-14 00:59:34', '2023-09-14 00:59:34'),
	(132, 'master_expense list', 'web', '2023-09-20 18:38:45', '2023-09-20 18:38:45'),
	(133, 'master_expense create', 'web', '2023-09-20 18:39:00', '2023-09-20 18:39:00'),
	(134, 'master_expense edit', 'web', '2023-09-20 18:39:08', '2023-09-20 18:39:08'),
	(135, 'master_expense delete', 'web', '2023-09-20 18:39:14', '2023-09-20 18:39:14'),
	(136, 'bom_map list', 'web', '2023-10-05 00:54:12', '2023-10-05 00:54:12'),
	(137, 'bom_map create', 'web', '2023-10-05 00:54:25', '2023-10-05 00:54:25'),
	(138, 'bom_map edit', 'web', '2023-10-05 00:55:04', '2023-10-05 00:55:04'),
	(139, 'bom_map delete', 'web', '2023-10-05 00:55:13', '2023-10-05 00:55:13'),
	(140, 'job_costing_product list', 'web', '2023-10-05 18:53:07', '2023-10-05 18:53:07'),
	(141, 'job_costing_product create', 'web', '2023-10-05 18:53:13', '2023-10-05 18:53:13'),
	(142, 'job_costing_product edit', 'web', '2023-10-05 18:53:19', '2023-10-05 18:53:24'),
	(143, 'job_costing_product delete', 'web', '2023-10-05 18:53:30', '2023-10-05 18:53:30'),
	(144, 'roll_over_produk list', 'web', '2023-10-09 18:17:09', '2023-10-09 18:17:09'),
	(145, 'roll_over_produk create', 'web', '2023-10-09 18:17:15', '2023-10-09 18:17:15'),
	(146, 'roll_over_produk edit', 'web', '2023-10-09 18:17:21', '2023-10-09 18:17:21'),
	(147, 'roll_over_produk delete', 'web', '2023-10-09 18:17:27', '2023-10-09 18:17:27'),
	(148, 'qc_dashboard list', 'web', '2023-10-20 02:31:58', '2023-10-20 02:31:58'),
	(149, 'qc_dashboard create', 'web', '2023-10-20 02:32:04', '2023-10-20 02:32:04'),
	(150, 'qc_dashboard edit', 'web', '2023-10-20 02:32:10', '2023-10-20 02:32:10'),
	(151, 'qc_dashboard delete', 'web', '2023-10-20 02:32:16', '2023-10-20 02:32:16'),
	(152, 'qc_tf list', 'web', '2023-10-25 21:45:29', '2023-10-25 21:45:29'),
	(153, 'qc_tf create', 'web', '2023-10-25 21:45:37', '2023-10-25 21:45:37'),
	(154, 'qc_tf edit', 'web', '2023-10-25 21:45:43', '2023-10-25 21:45:43'),
	(155, 'qc_tf delete', 'web', '2023-10-25 21:45:49', '2023-10-25 21:45:49'),
	(157, 'qc_dashboard transfer', 'web', '2023-11-06 01:15:54', '2023-11-06 01:15:54'),
	(158, 'qc_dashboard manage', 'web', '2023-11-06 01:21:56', '2023-11-06 01:21:56'),
	(159, 'invoice list', 'web', '2023-11-08 23:47:08', '2023-11-08 23:47:08'),
	(160, 'invoice create', 'web', '2023-11-08 23:47:14', '2023-11-08 23:47:14'),
	(161, 'invoice edit', 'web', '2023-11-08 23:47:19', '2023-11-08 23:47:19'),
	(162, 'invoice delete', 'web', '2023-11-08 23:47:25', '2023-11-08 23:47:25'),
	(163, 'qc_karantina list', 'web', '2023-11-22 02:58:13', '2023-11-22 02:58:13'),
	(164, 'qc_karantina create', 'web', '2023-11-22 02:58:22', '2023-11-22 02:58:22'),
	(165, 'qc_karantina edit', 'web', '2023-11-22 02:58:27', '2023-11-22 02:58:27'),
	(166, 'qc_karantina delete', 'web', '2023-11-22 02:58:35', '2023-11-22 02:58:35'),
	(167, 'qc_karantina_adjustment_approve', 'web', '2023-12-13 20:35:50', '2023-12-13 20:35:50'),
	(168, 'qc_karantina_adjustment_close', 'web', '2023-12-13 20:35:59', '2023-12-13 20:35:59'),
	(169, 'iptn_in list', 'web', '2023-12-18 20:30:39', '2023-12-18 20:30:39'),
	(170, 'iptn_in create', 'web', '2023-12-19 20:55:47', '2023-12-19 20:55:47'),
	(171, 'iptn_in edit', 'web', '2023-12-19 20:55:53', '2023-12-19 20:55:53'),
	(172, 'iptn_in delete', 'web', '2023-12-19 20:55:58', '2023-12-19 20:55:58'),
	(173, 'qr_scan list', 'web', '2024-01-08 01:17:21', '2024-01-08 01:17:21'),
	(174, 'qr_scan create', 'web', '2024-01-08 01:17:26', '2024-01-08 01:17:26'),
	(175, 'qr_scan edit', 'web', '2024-01-08 01:17:31', '2024-01-08 01:17:31'),
	(176, 'qr_scan delete', 'web', '2024-01-08 01:17:36', '2024-01-08 01:17:36'),
	(177, 'qr_scan_stuffing list', 'web', '2024-02-16 00:40:12', '2024-02-16 00:40:12'),
	(178, 'qr_scan_stuffing create', 'web', '2024-02-16 00:40:19', '2024-02-16 00:40:19'),
	(179, 'qr_scan_stuffing edit', 'web', '2024-02-16 00:40:24', '2024-02-16 00:40:24'),
	(180, 'qr_scan_stuffing delete', 'web', '2024-02-16 00:40:30', '2024-02-16 00:40:30'),
	(181, 'sirkuler_create list', 'web', '2024-03-04 00:04:10', '2024-03-04 00:04:10'),
	(182, 'sirkuler_tracking list', 'web', '2024-03-04 00:04:18', '2024-03-04 00:04:18'),
	(183, 'sirkuler_create create', 'web', '2024-03-07 18:55:05', '2024-03-07 18:55:20'),
	(184, 'sirkuler_create edit', 'web', '2024-03-07 18:55:26', '2024-03-07 18:55:26'),
	(185, 'sirkuler_create delete', 'web', '2024-03-07 18:55:31', '2024-03-07 18:55:31'),
	(186, 'approval_sirkuler list', 'web', '2024-03-18 22:08:53', '2024-03-18 22:08:53'),
	(187, 'approval_sirkuler create', 'web', '2024-03-18 22:08:59', '2024-03-18 22:08:59'),
	(188, 'approval_sirkuler edit', 'web', '2024-03-18 22:09:03', '2024-03-18 22:09:03'),
	(189, 'approval_sirkuler delete', 'web', '2024-03-19 21:53:32', '2024-03-19 21:53:32'),
	(190, 'sirkuler_create_head_legal list', 'web', '2024-03-20 21:52:29', '2024-03-20 21:52:29'),
	(191, 'sirkuler_create_head_legal create', 'web', '2024-03-20 21:52:34', '2024-03-20 21:52:34'),
	(192, 'sirkuler_create_head_legal edit', 'web', '2024-03-20 21:52:39', '2024-03-20 21:52:39'),
	(193, 'sirkuler_create_head_legal delete', 'web', '2024-03-20 21:52:45', '2024-03-20 21:52:45'),
	(194, 'master_pihak_lain list', 'web', '2024-06-09 18:57:54', '2024-06-09 18:57:54'),
	(195, 'master_pihak_lain create', 'web', '2024-06-09 18:58:00', '2024-06-09 18:58:00'),
	(196, 'master_pihak_lain edit', 'web', '2024-06-09 18:58:06', '2024-06-09 18:58:06'),
	(197, 'master_pihak_lain delete', 'web', '2024-06-09 18:58:12', '2024-06-09 18:58:12'),
	(198, 'master_type_pihak_lain list', 'web', '2024-06-12 19:56:29', '2024-06-12 19:56:29'),
	(199, 'master_type_pihak_lain create', 'web', '2024-06-12 19:56:33', '2024-06-12 19:56:33'),
	(200, 'master_type_pihak_lain edit', 'web', '2024-06-12 19:56:39', '2024-06-12 19:56:39'),
	(201, 'master_type_pihak_lain delete', 'web', '2024-06-12 19:56:45', '2024-06-12 19:56:45');

-- Dumping structure for table ga-sheet.lara_roles
CREATE TABLE IF NOT EXISTS `lara_roles` (
  `id` bigint(20) unsigned NOT NULL AUTO_INCREMENT,
  `name` varchar(100) CHARACTER SET utf8mb4 COLLATE utf8mb4_unicode_ci NOT NULL,
  `guard_name` varchar(100) CHARACTER SET utf8mb4 COLLATE utf8mb4_unicode_ci NOT NULL,
  `created_at` timestamp NULL DEFAULT NULL,
  `updated_at` timestamp NULL DEFAULT NULL,
  PRIMARY KEY (`id`),
  UNIQUE KEY `roles_name_guard_name_unique` (`name`,`guard_name`)
) ENGINE=InnoDB AUTO_INCREMENT=8 DEFAULT CHARSET=armscii8 COLLATE=armscii8_bin;

-- Dumping data for table ga-sheet.lara_roles: ~7 rows (approximately)
INSERT INTO `lara_roles` (`id`, `name`, `guard_name`, `created_at`, `updated_at`) VALUES
	(1, 'writer', 'web', '2023-03-29 06:39:34', '2023-03-29 06:39:34'),
	(2, 'admin', 'web', '2023-03-29 06:39:34', '2023-03-29 06:39:34'),
	(3, 'super-admin', 'web', '2023-03-29 06:39:34', '2023-03-29 06:39:34'),
	(4, 'account_payable', 'web', '2023-11-15 01:48:48', '2023-11-15 01:48:48'),
	(5, 'accounting', 'web', '2023-11-15 01:48:53', '2023-11-15 01:48:53'),
	(6, 'legal', 'web', '2024-03-20 00:55:42', '2024-03-20 00:55:42'),
	(7, 'atasan_legal', 'web', '2024-03-27 21:22:35', '2024-03-27 21:22:35');

-- Dumping structure for table ga-sheet.lara_role_has_permissions
CREATE TABLE IF NOT EXISTS `lara_role_has_permissions` (
  `permission_id` bigint(20) unsigned NOT NULL,
  `role_id` bigint(20) unsigned NOT NULL,
  PRIMARY KEY (`permission_id`,`role_id`),
  KEY `role_has_permissions_role_id_foreign` (`role_id`),
  CONSTRAINT `role_has_permissions_permission_id_foreign` FOREIGN KEY (`permission_id`) REFERENCES `lara_permissions` (`id`) ON DELETE CASCADE,
  CONSTRAINT `role_has_permissions_role_id_foreign` FOREIGN KEY (`role_id`) REFERENCES `lara_roles` (`id`) ON DELETE CASCADE
) ENGINE=InnoDB DEFAULT CHARSET=armscii8 COLLATE=armscii8_bin;

-- Dumping data for table ga-sheet.lara_role_has_permissions: ~207 rows (approximately)
INSERT INTO `lara_role_has_permissions` (`permission_id`, `role_id`) VALUES
	(1, 2),
	(2, 2),
	(3, 2),
	(4, 2),
	(5, 2),
	(6, 2),
	(7, 2),
	(8, 2),
	(9, 2),
	(10, 2),
	(11, 2),
	(12, 2),
	(13, 2),
	(14, 2),
	(15, 2),
	(16, 2),
	(17, 2),
	(18, 2),
	(19, 2),
	(20, 2),
	(22, 2),
	(23, 2),
	(24, 2),
	(25, 2),
	(26, 2),
	(27, 2),
	(28, 2),
	(29, 2),
	(30, 2),
	(31, 2),
	(32, 2),
	(33, 2),
	(34, 2),
	(35, 2),
	(36, 2),
	(37, 2),
	(38, 2),
	(39, 2),
	(40, 2),
	(41, 2),
	(42, 2),
	(43, 2),
	(44, 2),
	(45, 2),
	(46, 2),
	(47, 2),
	(48, 2),
	(49, 2),
	(50, 2),
	(51, 2),
	(52, 2),
	(53, 2),
	(54, 2),
	(55, 2),
	(56, 2),
	(57, 2),
	(58, 2),
	(59, 2),
	(60, 2),
	(61, 2),
	(62, 2),
	(63, 2),
	(64, 2),
	(65, 2),
	(66, 2),
	(67, 2),
	(68, 2),
	(69, 2),
	(70, 2),
	(71, 2),
	(72, 2),
	(73, 2),
	(74, 2),
	(75, 2),
	(76, 2),
	(77, 2),
	(78, 2),
	(79, 2),
	(80, 2),
	(81, 2),
	(82, 2),
	(83, 2),
	(84, 2),
	(85, 2),
	(86, 2),
	(87, 2),
	(88, 2),
	(89, 2),
	(90, 2),
	(91, 2),
	(92, 2),
	(93, 2),
	(94, 2),
	(95, 2),
	(96, 2),
	(97, 2),
	(98, 2),
	(99, 2),
	(100, 2),
	(101, 2),
	(102, 2),
	(103, 2),
	(104, 2),
	(105, 2),
	(106, 2),
	(107, 2),
	(108, 2),
	(109, 2),
	(110, 2),
	(111, 2),
	(112, 2),
	(113, 2),
	(114, 2),
	(115, 2),
	(116, 2),
	(117, 2),
	(118, 2),
	(119, 2),
	(120, 2),
	(121, 2),
	(122, 2),
	(123, 2),
	(124, 2),
	(125, 2),
	(128, 2),
	(129, 2),
	(130, 2),
	(131, 2),
	(132, 2),
	(133, 2),
	(134, 2),
	(135, 2),
	(136, 2),
	(137, 2),
	(138, 2),
	(139, 2),
	(140, 2),
	(141, 2),
	(142, 2),
	(143, 2),
	(144, 2),
	(145, 2),
	(146, 2),
	(147, 2),
	(148, 2),
	(149, 2),
	(150, 2),
	(151, 2),
	(152, 2),
	(153, 2),
	(154, 2),
	(155, 2),
	(157, 2),
	(158, 2),
	(159, 2),
	(160, 2),
	(161, 2),
	(162, 2),
	(163, 2),
	(164, 2),
	(165, 2),
	(166, 2),
	(167, 2),
	(168, 2),
	(169, 2),
	(170, 2),
	(171, 2),
	(172, 2),
	(173, 2),
	(174, 2),
	(175, 2),
	(176, 2),
	(177, 2),
	(178, 2),
	(179, 2),
	(180, 2),
	(181, 2),
	(181, 6),
	(181, 7),
	(182, 2),
	(182, 6),
	(182, 7),
	(183, 2),
	(183, 6),
	(183, 7),
	(184, 2),
	(184, 6),
	(184, 7),
	(185, 2),
	(185, 6),
	(185, 7),
	(186, 2),
	(187, 2),
	(188, 2),
	(189, 2),
	(190, 2),
	(190, 7),
	(191, 2),
	(191, 7),
	(192, 2),
	(192, 7),
	(193, 2),
	(193, 7),
	(194, 2),
	(195, 2),
	(196, 2),
	(197, 2);

-- Dumping structure for table ga-sheet.lara_sirkuler_header
CREATE TABLE IF NOT EXISTS `lara_sirkuler_header` (
  `id` bigint(20) NOT NULL AUTO_INCREMENT,
  `code` varchar(255) COLLATE armscii8_bin DEFAULT NULL,
  `publish_code` varchar(255) COLLATE armscii8_bin DEFAULT NULL,
  `publish_code_temp` varchar(255) COLLATE armscii8_bin DEFAULT NULL,
  `alasan_penolakan_nomor` text COLLATE armscii8_bin,
  `judul` varchar(255) COLLATE armscii8_bin DEFAULT NULL,
  `nomor` varchar(255) COLLATE armscii8_bin DEFAULT NULL,
  `tanggal` date DEFAULT NULL,
  `ringkasan_perjanjian` text COLLATE armscii8_bin,
  `opini_hukum` text COLLATE armscii8_bin,
  `catatan` text COLLATE armscii8_bin,
  `status` tinyint(4) DEFAULT NULL,
  `nip` varchar(50) COLLATE armscii8_bin DEFAULT NULL,
  `name` varchar(255) COLLATE armscii8_bin DEFAULT NULL,
  `email` varchar(255) COLLATE armscii8_bin DEFAULT NULL,
  `phone` varchar(255) COLLATE armscii8_bin DEFAULT NULL,
  `department_id` bigint(20) DEFAULT NULL,
  `department_name` bigint(20) DEFAULT NULL,
  `company_id` bigint(20) DEFAULT NULL,
  `company_name` varchar(255) COLLATE armscii8_bin DEFAULT NULL,
  `company_code` varchar(255) COLLATE armscii8_bin DEFAULT NULL,
  `signature` varchar(255) COLLATE armscii8_bin DEFAULT NULL,
  `user_id` bigint(20) DEFAULT NULL,
  `user_update_id` bigint(20) DEFAULT NULL,
  `priority_user_id` bigint(20) DEFAULT NULL,
  `priority_user_name` varchar(255) COLLATE armscii8_bin DEFAULT NULL,
  `priority_user_email` varchar(255) COLLATE armscii8_bin DEFAULT NULL,
  `no_ticket` varchar(255) COLLATE armscii8_bin DEFAULT NULL,
  `ticket_request_id` bigint(20) DEFAULT NULL,
  `for_company_id` bigint(20) DEFAULT NULL,
  `for_company_name` varchar(255) COLLATE armscii8_bin DEFAULT NULL,
  `for_company_code` varchar(255) COLLATE armscii8_bin DEFAULT NULL,
  `master_pihak_lain_id` bigint(20) DEFAULT NULL,
  `master_pihak_lain_name` varchar(255) COLLATE armscii8_bin DEFAULT NULL,
  `initial_vendor` varchar(255) COLLATE armscii8_bin DEFAULT NULL,
  `master_type_pihak_lain_id` bigint(20) DEFAULT NULL,
  `master_type_pihak_lain_name` varchar(255) COLLATE armscii8_bin DEFAULT NULL,
  `master_type_pihak_lain_code` varchar(255) COLLATE armscii8_bin DEFAULT NULL,
  `master_type_pihak_lain2_id` bigint(20) DEFAULT NULL,
  `master_type_pihak_lain2_name` varchar(255) COLLATE armscii8_bin DEFAULT NULL,
  `master_type_pihak_lain2_code` varchar(255) COLLATE armscii8_bin DEFAULT NULL,
  `master_jenis_dokumen_id` bigint(20) DEFAULT NULL,
  `master_jenis_dokumen_name` varchar(255) COLLATE armscii8_bin DEFAULT NULL,
  `no_manual` char(50) COLLATE armscii8_bin DEFAULT NULL,
  `all_approval_date` timestamp NULL DEFAULT NULL,
  `edit_all_approval_date` timestamp NULL DEFAULT NULL,
  `temp_edit_all_approval_date` timestamp NULL DEFAULT NULL,
  `created_at` timestamp NULL DEFAULT NULL,
  `updated_at` timestamp NULL DEFAULT NULL,
  PRIMARY KEY (`id`)
) ENGINE=InnoDB AUTO_INCREMENT=11 DEFAULT CHARSET=armscii8 COLLATE=armscii8_bin;

-- Dumping data for table ga-sheet.lara_sirkuler_header: ~10 rows (approximately)
INSERT INTO `lara_sirkuler_header` (`id`, `code`, `publish_code`, `publish_code_temp`, `alasan_penolakan_nomor`, `judul`, `nomor`, `tanggal`, `ringkasan_perjanjian`, `opini_hukum`, `catatan`, `status`, `nip`, `name`, `email`, `phone`, `department_id`, `department_name`, `company_id`, `company_name`, `company_code`, `signature`, `user_id`, `user_update_id`, `priority_user_id`, `priority_user_name`, `priority_user_email`, `no_ticket`, `ticket_request_id`, `for_company_id`, `for_company_name`, `for_company_code`, `master_pihak_lain_id`, `master_pihak_lain_name`, `initial_vendor`, `master_type_pihak_lain_id`, `master_type_pihak_lain_name`, `master_type_pihak_lain_code`, `master_type_pihak_lain2_id`, `master_type_pihak_lain2_name`, `master_type_pihak_lain2_code`, `master_jenis_dokumen_id`, `master_jenis_dokumen_name`, `no_manual`, `all_approval_date`, `edit_all_approval_date`, `temp_edit_all_approval_date`, `created_at`, `updated_at`) VALUES
	(1, 'LS/13/06/24/000001', '000001/AR/PSU-JY/PKS/06/24', NULL, NULL, 'Percobaan sirkuler 4', NULL, NULL, 'test ringkasan perjanjian 4', 'Test opini hukum', '<p>sudah diposting!</p>', 2, '101210005', 'Achmad Rizky', 'achmad.rizky@pangansari.co.id', '6289532257738', 214, 0, 1, 'PSU', NULL, '27-03-20242_achmad_rizky259387291.png', 2, 4, 4, 'Dimas Krisnadi', 'achmad.rizky@pangansari.co.id', '', 0, 3, 'PT PANGANSARI UTAMA', 'PSU', 1, 'JOYO SUYONO', 'JY', 3, 'Internal', 'INTERNAL', 2, 'Supplier', 'SUPP', 1, 'PKS', NULL, '2024-06-15 17:55:18', '2024-06-15 17:55:18', NULL, '2024-06-13 02:22:32', '2024-06-15 17:55:18'),
	(2, 'LS/13/06/24/000002', NULL, NULL, NULL, 'Percobaan sirkuler 5', NULL, NULL, 'test ringkasan perjanjian', 'test opini hukum', '', 1, '101210005', 'Achmad Rizky', 'achmad.rizky@pangansari.co.id', '6289532257738', 214, 0, 1, 'PSU', NULL, '27-03-20242_achmad_rizky259387291.png', 2, NULL, 4, 'Dimas Krisnadi', 'achmad.rizky@pangansari.co.id', '', 0, 3, 'PT PANGANSARI UTAMA', 'PSU', 2, 'REXUS KOMPUTER', 'RXS', 3, 'Internal', 'INTERNAL', 2, 'Supplier', 'SUPP', 1, 'PKS', NULL, NULL, NULL, NULL, '2024-06-13 02:53:09', '2024-06-13 02:53:09'),
	(3, 'LS/13/06/24/000003', NULL, NULL, NULL, 'percobaan ke 6', NULL, NULL, 'ringkasan perjanjian', 'test opini hukum', '', 1, '101210005', 'Achmad Rizky', 'achmad.rizky@pangansari.co.id', '6289532257738', 214, 0, 1, 'PSU', NULL, '27-03-20242_achmad_rizky259387291.png', 2, NULL, 4, 'Dimas Krisnadi', 'achmad.rizky@pangansari.co.id', '', 0, 3, 'PT PANGANSARI UTAMA', 'PSU', 7, 'ENTER KOMPUTER', 'SUPP-EK', 3, 'Internal', 'INTERNAL', 2, 'Supplier', 'SUPP', 1, 'PKS', NULL, NULL, NULL, NULL, '2024-06-13 02:59:45', '2024-06-13 02:59:45'),
	(4, 'LS/13/06/24/000004', NULL, NULL, NULL, 'percobaan judul 7', NULL, NULL, 'test ringkasan perjajian', 'test opini hukum', '', 1, '101210005', 'Achmad Rizky', 'achmad.rizky@pangansari.co.id', '6289532257738', 214, 0, 1, 'PSU', NULL, '27-03-20242_achmad_rizky259387291.png', 2, NULL, 4, 'Dimas Krisnadi', 'achmad.rizky@pangansari.co.id', '', 0, 3, 'PT PANGANSARI UTAMA', 'PSU', NULL, NULL, NULL, 3, 'Internal', 'INTERNAL', NULL, NULL, NULL, 1, 'PKS', NULL, NULL, NULL, NULL, '2024-06-13 03:16:06', '2024-06-13 03:16:06'),
	(5, 'LS/13/06/24/000005', '000001A/AR/PSU-SUPP-SDS/BAST/06/24', NULL, NULL, 'test percobaan 8', NULL, NULL, 'test ringkasan perjanjian', 'test opini hukum', '<p>test posting!</p><p>&nbsp;</p>', 2, '101210005', 'Achmad Rizky', 'achmad.rizky@pangansari.co.id', '6289532257738', 214, 0, 1, 'PSU', NULL, '27-03-20242_achmad_rizky259387291.png', 2, 4, 4, 'Dimas Krisnadi', 'achmad.rizky@pangansari.co.id', '', 0, 3, 'PT PANGANSARI UTAMA', 'PSU', 9, 'SADES KOMPUTER', 'SUPP-SDS', 3, 'Internal', 'INTERNAL', 2, 'Supplier', 'SUPP', 23, 'BAST', 'a', '2024-06-15 18:20:11', NULL, NULL, '2024-06-13 03:16:06', '2024-06-15 18:23:49'),
	(6, 'LS/19/06/24/000006', NULL, NULL, NULL, 'Percobaan Sirkuler terbaru 1', NULL, NULL, 'test ringkasan perjanjian', 'test opini hukum', '', 3, '101210005', 'Achmad Rizky', 'achmad.rizky@pangansari.co.id', '6289532257738', 214, 0, 1, 'PSU', NULL, '27-03-20242_achmad_rizky259387291.png', 2, 4, 4, 'Dimas Krisnadi', 'achmad.rizky@pangansari.co.id', '', 0, 3, 'PT PANGANSARI UTAMA', 'PSU', 10, 'BASEUS', 'BSB', 3, 'Internal', 'INTERNAL', 2, 'Supplier', 'SUPP', 1, 'PKS', NULL, NULL, NULL, NULL, '2024-06-18 20:53:42', '2024-06-18 21:21:44'),
	(7, 'LS/20/06/24/000007', '000002/AR/PSU/PKS/06/24', NULL, NULL, 'percobaan 20/06/2024', NULL, NULL, 'ringkasan perjanjian 20/06/2024', 'test opini hukum', '<p>test reset!</p>', 2, '101210005', 'Achmad Rizky', 'achmad.rizky@pangansari.co.id', '6289532257738', 214, 0, 1, 'PSU', NULL, '27-03-20242_achmad_rizky259387291.png', 2, 5, 5, 'Ratih Astari Kirana', 'achmad.rizky@pangansari.co.id', '', 0, 3, 'PT PANGANSARI UTAMA', 'PSU', NULL, NULL, NULL, 3, 'Internal', 'INTERNAL', NULL, NULL, NULL, 1, 'PKS', NULL, '2024-06-19 19:55:09', '2024-06-19 19:55:09', NULL, '2024-06-19 19:37:20', '2024-06-19 19:55:09'),
	(8, 'LS/21/06/24/000008', '000002A/AR/PSU-RXS/PKS/06/24', NULL, NULL, 'Percobaan sirkuler 21/06/2024', NULL, NULL, 'test ringkasan perjanjian', 'test opini hukum', '<p>oke baik, segera saya perbaiki!</p>', 2, '101210005', 'Achmad Rizky', 'achmad.rizky@pangansari.co.id', '6289532257738', 214, 0, 1, 'PSU', NULL, '27-03-20242_achmad_rizky259387291.png', 2, 8, 8, 'HEIGA ADHI SAPUTRA PRIBADHIE', 'achmad.rizky@pangansari.co.id', '', 0, 3, 'PT PANGANSARI UTAMA', 'PSU', 2, 'REXUS KOMPUTER', 'RXS', 3, 'Internal', 'INTERNAL', 2, 'Supplier', 'SUPP', 1, 'PKS', 'A', '2024-06-20 20:15:10', NULL, NULL, '2024-06-20 20:03:20', '2024-06-20 20:19:03'),
	(9, 'LS/21/06/24/000009', '000003/DN/PSU-BSB/PSM/06/24', '000002B/DN/PSU-BSB/PSM/06/24', NULL, 'PSM Kendaraan Project STM', NULL, NULL, 'Sewa Toyota Hilux, biaya per bulan 20.000.000', 'Perjanjian sesuai dengan Pasal 1320 KUHPerdata', '<p>Mobil Lexusnya kosong Pak, adanya BMW.</p>', 2, '101220377', 'DIMAS ADHI NAUFAL', 'dimas.adhi@pangansari.co.id', '6281906392364', 243, 0, 1, 'PSU', NULL, '21-06-202418_dimas_adhi_naufal1837772364.png', 18, 8, 8, 'HEIGA ADHI SAPUTRA PRIBADHIE', 'achmad.rizky@pangansari.co.id', '', 0, 3, 'PT PANGANSARI UTAMA', 'PSU', 10, 'BASEUS', 'BSB', 3, 'Internal', 'INTERNAL', 2, 'Supplier', 'SUPP', 2, 'PSM', 'B', '2024-06-20 20:36:07', '2024-06-20 20:36:07', NULL, '2024-06-20 20:29:45', '2024-06-20 20:37:27'),
	(10, 'LS/21/06/24/000010', '000004/AR/PSU/PKS/VI/24', NULL, NULL, 'Percobaan 21/06/2024 v2', NULL, NULL, '<p>Hallo</p><ol><li>testing</li><li>hello</li><li>bandung</li></ol>', 'test12345', '', 2, '101210005', 'Achmad Rizky', 'achmad.rizky@pangansari.co.id', '6289532257738', 214, 0, 1, 'PSU', NULL, '27-03-20242_achmad_rizky259387291.png', 2, 4, 4, 'Dimas Krisnadi', 'achmad.rizky@pangansari.co.id', '', 0, 3, 'PT PANGANSARI UTAMA', 'PSU', NULL, NULL, NULL, 3, 'Internal', 'INTERNAL', NULL, NULL, NULL, 1, 'PKS', NULL, '2024-06-21 01:23:04', '2024-06-21 01:23:04', NULL, '2024-06-21 00:54:45', '2024-06-21 01:23:04');

-- Dumping structure for table ga-sheet.lara_sirkuler_header_history
CREATE TABLE IF NOT EXISTS `lara_sirkuler_header_history` (
  `id` bigint(20) NOT NULL AUTO_INCREMENT,
  `sirkuler_header_id` bigint(20) DEFAULT NULL,
  `code` varchar(255) COLLATE armscii8_bin DEFAULT NULL,
  `publish_code` varchar(255) COLLATE armscii8_bin DEFAULT NULL,
  `publish_code_temp` varchar(255) COLLATE armscii8_bin DEFAULT NULL,
  `alasan_penolakan_nomor` text COLLATE armscii8_bin,
  `judul` varchar(255) COLLATE armscii8_bin DEFAULT NULL,
  `nomor` varchar(255) COLLATE armscii8_bin DEFAULT NULL,
  `tanggal` date DEFAULT NULL,
  `ringkasan_perjanjian` text COLLATE armscii8_bin,
  `opini_hukum` text COLLATE armscii8_bin,
  `catatan` text COLLATE armscii8_bin,
  `status` tinyint(4) DEFAULT NULL,
  `nip` varchar(50) COLLATE armscii8_bin DEFAULT NULL,
  `name` varchar(255) COLLATE armscii8_bin DEFAULT NULL,
  `email` varchar(255) COLLATE armscii8_bin DEFAULT NULL,
  `phone` varchar(255) COLLATE armscii8_bin DEFAULT NULL,
  `department_id` bigint(20) DEFAULT NULL,
  `department_name` bigint(20) DEFAULT NULL,
  `company_id` bigint(20) DEFAULT NULL,
  `company_name` varchar(255) COLLATE armscii8_bin DEFAULT NULL,
  `company_code` varchar(255) COLLATE armscii8_bin DEFAULT NULL,
  `signature` varchar(255) COLLATE armscii8_bin DEFAULT NULL,
  `user_id` bigint(20) DEFAULT NULL,
  `user_update_id` bigint(20) DEFAULT NULL,
  `priority_user_id` bigint(20) DEFAULT NULL,
  `priority_user_name` varchar(255) COLLATE armscii8_bin DEFAULT NULL,
  `priority_user_email` varchar(255) COLLATE armscii8_bin DEFAULT NULL,
  `color` varchar(255) COLLATE armscii8_bin DEFAULT NULL,
  `no_ticket` varchar(255) COLLATE armscii8_bin DEFAULT NULL,
  `ticket_request_id` bigint(20) DEFAULT NULL,
  `for_company_id` bigint(20) DEFAULT NULL,
  `for_company_name` varchar(255) COLLATE armscii8_bin DEFAULT NULL,
  `for_company_code` varchar(255) COLLATE armscii8_bin DEFAULT NULL,
  `master_pihak_lain_id` bigint(20) DEFAULT NULL,
  `master_pihak_lain_name` varchar(255) COLLATE armscii8_bin DEFAULT NULL,
  `initial_vendor` varchar(255) COLLATE armscii8_bin DEFAULT NULL,
  `master_type_pihak_lain_id` bigint(20) DEFAULT NULL,
  `master_type_pihak_lain_name` varchar(255) COLLATE armscii8_bin DEFAULT NULL,
  `master_type_pihak_lain_code` varchar(255) COLLATE armscii8_bin DEFAULT NULL,
  `master_type_pihak_lain2_id` bigint(20) DEFAULT NULL,
  `master_type_pihak_lain2_name` varchar(255) COLLATE armscii8_bin DEFAULT NULL,
  `master_type_pihak_lain2_code` varchar(255) COLLATE armscii8_bin DEFAULT NULL,
  `master_jenis_dokumen_id` bigint(20) DEFAULT NULL,
  `master_jenis_dokumen_name` varchar(255) COLLATE armscii8_bin DEFAULT NULL,
  `no_manual` char(50) COLLATE armscii8_bin DEFAULT NULL,
  `all_approval_date` timestamp NULL DEFAULT NULL,
  `edit_all_approval_date` timestamp NULL DEFAULT NULL,
  `temp_edit_all_approval_date` timestamp NULL DEFAULT NULL,
  `created_at` timestamp NULL DEFAULT NULL,
  `updated_at` timestamp NULL DEFAULT NULL,
  PRIMARY KEY (`id`)
) ENGINE=InnoDB AUTO_INCREMENT=53 DEFAULT CHARSET=armscii8 COLLATE=armscii8_bin;

-- Dumping data for table ga-sheet.lara_sirkuler_header_history: ~52 rows (approximately)
INSERT INTO `lara_sirkuler_header_history` (`id`, `sirkuler_header_id`, `code`, `publish_code`, `publish_code_temp`, `alasan_penolakan_nomor`, `judul`, `nomor`, `tanggal`, `ringkasan_perjanjian`, `opini_hukum`, `catatan`, `status`, `nip`, `name`, `email`, `phone`, `department_id`, `department_name`, `company_id`, `company_name`, `company_code`, `signature`, `user_id`, `user_update_id`, `priority_user_id`, `priority_user_name`, `priority_user_email`, `color`, `no_ticket`, `ticket_request_id`, `for_company_id`, `for_company_name`, `for_company_code`, `master_pihak_lain_id`, `master_pihak_lain_name`, `initial_vendor`, `master_type_pihak_lain_id`, `master_type_pihak_lain_name`, `master_type_pihak_lain_code`, `master_type_pihak_lain2_id`, `master_type_pihak_lain2_name`, `master_type_pihak_lain2_code`, `master_jenis_dokumen_id`, `master_jenis_dokumen_name`, `no_manual`, `all_approval_date`, `edit_all_approval_date`, `temp_edit_all_approval_date`, `created_at`, `updated_at`) VALUES
	(1, 1, 'LS/13/06/24/000001', NULL, NULL, NULL, 'Percobaan sirkuler 4', NULL, NULL, 'test ringkasan perjanjian 4', 'Test opini hukum', 'Achmad Rizky Berhasil membuat Legal Sirkuler (Membutuhkan Persetujuan Bpk/Ibu). ', 1, '101210005', 'Achmad Rizky', 'achmad.rizky@pangansari.co.id', '6289532257738', 214, 0, 1, 'PSU', NULL, '27-03-20242_achmad_rizky259387291.png', 2, NULL, 4, 'Dimas Krisnadi', 'achmad.rizky@pangansari.co.id', 'warning', '', 0, 3, 'PT PANGANSARI UTAMA', 'PSU', 2, 'REXUS KOMPUTER', 'RXS', 3, 'Internal', 'INTERNAL', 2, 'Supplier', 'SUPP', 1, 'PKS', NULL, NULL, NULL, NULL, '2024-06-13 02:22:32', '2024-06-13 02:22:32'),
	(2, 2, 'LS/13/06/24/000002', NULL, NULL, NULL, 'Percobaan sirkuler 5', NULL, NULL, 'test ringkasan perjanjian', 'test opini hukum', 'Achmad Rizky Berhasil membuat Legal Sirkuler (Membutuhkan Persetujuan Bpk/Ibu). ', 1, '101210005', 'Achmad Rizky', 'achmad.rizky@pangansari.co.id', '6289532257738', 214, 0, 1, 'PSU', NULL, '27-03-20242_achmad_rizky259387291.png', 2, NULL, 4, 'Dimas Krisnadi', 'achmad.rizky@pangansari.co.id', 'warning', '', 0, 3, 'PT PANGANSARI UTAMA', 'PSU', 2, 'REXUS KOMPUTER', 'RXS', 3, 'Internal', 'INTERNAL', 2, 'Supplier', 'SUPP', 1, 'PKS', NULL, NULL, NULL, NULL, '2024-06-13 02:53:09', '2024-06-13 02:53:09'),
	(3, 3, 'LS/13/06/24/000003', NULL, NULL, NULL, 'percobaan ke 6', NULL, NULL, 'ringkasan perjanjian', 'test opini hukum', 'Achmad Rizky Berhasil membuat Legal Sirkuler (Membutuhkan Persetujuan Bpk/Ibu). ', 1, '101210005', 'Achmad Rizky', 'achmad.rizky@pangansari.co.id', '6289532257738', 214, 0, 1, 'PSU', NULL, '27-03-20242_achmad_rizky259387291.png', 2, NULL, 4, 'Dimas Krisnadi', 'achmad.rizky@pangansari.co.id', 'warning', '', 0, 3, 'PT PANGANSARI UTAMA', 'PSU', 7, 'ENTER KOMPUTER', 'SUPP-EK', 3, 'Internal', 'INTERNAL', 2, 'Supplier', 'SUPP', 1, 'PKS', NULL, NULL, NULL, NULL, '2024-06-13 02:59:45', '2024-06-13 02:59:45'),
	(4, 4, 'LS/13/06/24/000004', NULL, NULL, NULL, 'percobaan judul 7', NULL, NULL, 'test ringkasan perjajian', 'test opini hukum', 'Achmad Rizky Berhasil membuat Legal Sirkuler (Membutuhkan Persetujuan Bpk/Ibu). ', 1, '101210005', 'Achmad Rizky', 'achmad.rizky@pangansari.co.id', '6289532257738', 214, 0, 1, 'PSU', NULL, '27-03-20242_achmad_rizky259387291.png', 2, NULL, 4, 'Dimas Krisnadi', 'achmad.rizky@pangansari.co.id', 'warning', '', 0, 3, 'PT PANGANSARI UTAMA', 'PSU', NULL, NULL, NULL, 3, 'Internal', 'INTERNAL', NULL, NULL, NULL, 1, 'PKS', NULL, NULL, NULL, NULL, '2024-06-13 03:16:06', '2024-06-13 03:16:06'),
	(5, 5, 'LS/13/06/24/000005', NULL, NULL, NULL, 'test percobaan 8', NULL, NULL, 'test ringkasan perjanjian', 'test opini hukum', 'Achmad Rizky Berhasil membuat Legal Sirkuler (Membutuhkan Persetujuan Bpk/Ibu). ', 1, '101210005', 'Achmad Rizky', 'achmad.rizky@pangansari.co.id', '6289532257738', 214, 0, 1, 'PSU', NULL, '27-03-20242_achmad_rizky259387291.png', 2, NULL, 4, 'Dimas Krisnadi', 'achmad.rizky@pangansari.co.id', 'warning', '', 0, 3, 'PT PANGANSARI UTAMA', 'PSU', 9, 'SADES KOMPUTER', 'SUPP-SDS', 3, 'Internal', 'INTERNAL', 2, 'Supplier', 'SUPP', 23, 'BAST', NULL, NULL, NULL, NULL, '2024-06-13 03:16:06', '2024-06-13 03:16:06'),
	(6, 1, 'LS/13/06/24/000001', NULL, NULL, NULL, 'Percobaan sirkuler 4', NULL, NULL, 'test ringkasan perjanjian 4', 'Test opini hukum', 'Dimas Krisnadi Memberikan Catatan.', 3, '101210101', 'Dimas Krisnadi', 'achmad.rizky@pangansari.co.id', '62895322588539', 214, 0, 1, 'PSU', NULL, '', 4, 4, 4, 'Dimas Krisnadi', 'achmad.rizky@pangansari.co.id', 'danger', '', 0, 3, 'PT PANGANSARI UTAMA', 'PSU', 2, 'REXUS KOMPUTER', 'RXS', 3, 'Internal', 'INTERNAL', 2, 'Supplier', 'SUPP', 1, 'PKS', NULL, NULL, NULL, NULL, '2024-06-15 17:36:29', '2024-06-15 17:36:29'),
	(7, 1, 'LS/13/06/24/000001', NULL, NULL, NULL, 'Percobaan sirkuler 4', NULL, NULL, 'test ringkasan perjanjian 4', 'Test opini hukum', '<p>test catatan</p>', 3, '101210101', 'Dimas Krisnadi', 'achmad.rizky@pangansari.co.id', '62895322588539', 214, 0, 1, 'PSU', NULL, '', 4, 4, 4, 'Dimas Krisnadi', 'achmad.rizky@pangansari.co.id', 'primary', '', 0, 3, 'PT PANGANSARI UTAMA', 'PSU', 2, 'REXUS KOMPUTER', 'RXS', NULL, NULL, NULL, NULL, NULL, NULL, 1, 'PKS', NULL, NULL, NULL, NULL, '2024-06-15 17:36:29', '2024-06-15 17:36:29'),
	(8, 1, 'LS/13/06/24/000001', NULL, NULL, NULL, 'Percobaan sirkuler 4', NULL, NULL, 'test ringkasan perjanjian 4', 'Test opini hukum', 'Achmad Rizky Berhasil memposting Legal Sirkuler (Membutuhkan Persetujuan Bpk/Ibu). ', 1, '101210005', 'Achmad Rizky', 'achmad.rizky@pangansari.co.id', '6289532257738', 214, 0, 1, 'PSU', NULL, '27-03-20242_achmad_rizky259387291.png', 2, 2, 2, 'Achmad Rizky', 'achmad.rizky@pangansari.co.id', 'warning', '', 0, 3, 'PT PANGANSARI UTAMA', 'PSU', 1, 'JOYO SUYONO', 'JY', 3, 'Internal', 'INTERNAL', 2, 'Supplier', 'SUPP', 1, 'PKS', NULL, NULL, NULL, NULL, '2024-06-15 17:51:52', '2024-06-15 17:51:52'),
	(9, 1, 'LS/13/06/24/000001', NULL, NULL, NULL, 'Percobaan sirkuler 4', NULL, NULL, 'test ringkasan perjanjian 4', 'Test opini hukum', '<p>sudah diposting!</p>', 1, '101210005', 'Achmad Rizky', 'achmad.rizky@pangansari.co.id', '6289532257738', 214, 0, 1, 'PSU', NULL, '27-03-20242_achmad_rizky259387291.png', 2, 2, 2, 'Achmad Rizky', 'achmad.rizky@pangansari.co.id', 'primary', '', 0, 3, 'PT PANGANSARI UTAMA', 'PSU', 1, 'JOYO SUYONO', 'JY', 3, 'Internal', 'INTERNAL', 2, 'Supplier', 'SUPP', 1, 'PKS', NULL, NULL, NULL, NULL, '2024-06-15 17:51:52', '2024-06-15 17:51:52'),
	(10, 1, 'LS/13/06/24/000001', '000001/AR/PSU-JY/PKS/06/24', NULL, NULL, 'Percobaan sirkuler 4', NULL, NULL, 'test ringkasan perjanjian 4', 'Test opini hukum', 'Dimas Krisnadi Menyetujui Sirkuler.', 2, '101210101', 'Dimas Krisnadi', 'achmad.rizky@pangansari.co.id', '62895322588539', 214, 0, 1, 'PSU', NULL, '21-03-20244_dimas_krisnadi239372001.png', 4, 4, 4, 'Dimas Krisnadi', 'achmad.rizky@pangansari.co.id', 'accent', '', 0, 3, 'PT PANGANSARI UTAMA', 'PSU', 1, 'JOYO SUYONO', 'JY', 3, 'Internal', 'INTERNAL', 2, 'Supplier', 'SUPP', 1, 'PKS', NULL, '2024-06-15 17:55:18', '2024-06-15 17:55:18', NULL, '2024-06-15 17:55:18', '2024-06-15 17:55:18'),
	(11, 5, 'LS/13/06/24/000005', NULL, NULL, NULL, 'test percobaan 8', NULL, NULL, 'test ringkasan perjanjian', 'test opini hukum', 'Achmad Rizky Memperbarui Legal Sirkuler (Membutuhkan Persetujuan Bpk/Ibu). ', 3, '101210005', 'Achmad Rizky', 'achmad.rizky@pangansari.co.id', '6289532257738', 214, 0, 1, 'PSU', NULL, '27-03-20242_achmad_rizky259387291.png', 2, 2, 2, 'Achmad Rizky', 'achmad.rizky@pangansari.co.id', 'warning', '', 0, 3, 'PT PANGANSARI UTAMA', 'PSU', 2, 'REXUS KOMPUTER', 'RXS', 3, 'Internal', 'INTERNAL', 2, 'Supplier', 'SUPP', 23, 'BAST', NULL, NULL, NULL, NULL, '2024-06-15 18:14:58', '2024-06-15 18:14:58'),
	(12, 5, 'LS/13/06/24/000005', NULL, NULL, NULL, NULL, NULL, NULL, 'test ringkasan perjanjian', 'test opini hukum', '<p>test ya guys!</p>', 3, '101210005', 'Achmad Rizky', 'achmad.rizky@pangansari.co.id', '6289532257738', 214, 0, 1, 'PSU', NULL, '27-03-20242_achmad_rizky259387291.png', 2, 2, 2, 'Achmad Rizky', 'achmad.rizky@pangansari.co.id', 'primary', '', 0, 3, 'PT PANGANSARI UTAMA', 'PSU', 2, 'REXUS KOMPUTER', 'RXS', 3, 'Internal', 'INTERNAL', 2, 'Supplier', 'SUPP', 23, 'BAST', NULL, NULL, NULL, NULL, '2024-06-15 18:14:58', '2024-06-15 18:14:58'),
	(13, 5, 'LS/13/06/24/000005', NULL, NULL, NULL, 'test percobaan 8', NULL, NULL, 'test ringkasan perjanjian', 'test opini hukum', 'Achmad Rizky Berhasil memposting Legal Sirkuler (Membutuhkan Persetujuan Bpk/Ibu). ', 1, '101210005', 'Achmad Rizky', 'achmad.rizky@pangansari.co.id', '6289532257738', 214, 0, 1, 'PSU', NULL, '27-03-20242_achmad_rizky259387291.png', 2, 2, 2, 'Achmad Rizky', 'achmad.rizky@pangansari.co.id', 'warning', '', 0, 3, 'PT PANGANSARI UTAMA', 'PSU', 1, 'JOYO SUYONO', 'JY', 3, 'Internal', 'INTERNAL', 2, 'Supplier', 'SUPP', 23, 'BAST', NULL, NULL, NULL, NULL, '2024-06-15 18:15:57', '2024-06-15 18:15:57'),
	(14, 5, 'LS/13/06/24/000005', NULL, NULL, NULL, 'test percobaan 8', NULL, NULL, 'test ringkasan perjanjian', 'test opini hukum', 'Achmad Rizky Memperbarui Legal Sirkuler (Membutuhkan Persetujuan Bpk/Ibu). ', 3, '101210005', 'Achmad Rizky', 'achmad.rizky@pangansari.co.id', '6289532257738', 214, 0, 1, 'PSU', NULL, '27-03-20242_achmad_rizky259387291.png', 2, 2, 2, 'Achmad Rizky', 'achmad.rizky@pangansari.co.id', 'warning', '', 0, 3, 'PT PANGANSARI UTAMA', 'PSU', 9, 'SADES KOMPUTER', 'SUPP-SDS', 3, 'Internal', 'INTERNAL', 2, 'Supplier', 'SUPP', 23, 'BAST', NULL, NULL, NULL, NULL, '2024-06-15 18:19:31', '2024-06-15 18:19:31'),
	(15, 5, 'LS/13/06/24/000005', NULL, NULL, NULL, NULL, NULL, NULL, 'test ringkasan perjanjian', 'test opini hukum', '<p>test</p><p>&nbsp;</p>', 3, '101210005', 'Achmad Rizky', 'achmad.rizky@pangansari.co.id', '6289532257738', 214, 0, 1, 'PSU', NULL, '27-03-20242_achmad_rizky259387291.png', 2, 2, 2, 'Achmad Rizky', 'achmad.rizky@pangansari.co.id', 'primary', '', 0, 3, 'PT PANGANSARI UTAMA', 'PSU', 9, 'SADES KOMPUTER', 'SUPP-SDS', 3, 'Internal', 'INTERNAL', 2, 'Supplier', 'SUPP', 23, 'BAST', NULL, NULL, NULL, NULL, '2024-06-15 18:19:31', '2024-06-15 18:19:31'),
	(16, 5, 'LS/13/06/24/000005', NULL, NULL, NULL, 'test percobaan 8', NULL, NULL, 'test ringkasan perjanjian', 'test opini hukum', 'Achmad Rizky Berhasil memposting Legal Sirkuler (Membutuhkan Persetujuan Bpk/Ibu). ', 1, '101210005', 'Achmad Rizky', 'achmad.rizky@pangansari.co.id', '6289532257738', 214, 0, 1, 'PSU', NULL, '27-03-20242_achmad_rizky259387291.png', 2, 2, 2, 'Achmad Rizky', 'achmad.rizky@pangansari.co.id', 'warning', '', 0, 3, 'PT PANGANSARI UTAMA', 'PSU', 9, 'SADES KOMPUTER', 'SUPP-SDS', 3, 'Internal', 'INTERNAL', 2, 'Supplier', 'SUPP', 23, 'BAST', NULL, NULL, NULL, NULL, '2024-06-15 18:19:53', '2024-06-15 18:19:53'),
	(17, 5, 'LS/13/06/24/000005', NULL, NULL, NULL, 'test percobaan 8', NULL, NULL, 'test ringkasan perjanjian', 'test opini hukum', '<p>test posting!</p><p>&nbsp;</p>', 1, '101210005', 'Achmad Rizky', 'achmad.rizky@pangansari.co.id', '6289532257738', 214, 0, 1, 'PSU', NULL, '27-03-20242_achmad_rizky259387291.png', 2, 2, 2, 'Achmad Rizky', 'achmad.rizky@pangansari.co.id', 'primary', '', 0, 3, 'PT PANGANSARI UTAMA', 'PSU', 9, 'SADES KOMPUTER', 'SUPP-SDS', 3, 'Internal', 'INTERNAL', 2, 'Supplier', 'SUPP', 23, 'BAST', NULL, NULL, NULL, NULL, '2024-06-15 18:19:53', '2024-06-15 18:19:53'),
	(18, 5, 'LS/13/06/24/000005', '000002/AR/PSU-SUPP-SDS/BAST/06/24', NULL, NULL, 'test percobaan 8', NULL, NULL, 'test ringkasan perjanjian', 'test opini hukum', 'Dimas Krisnadi Menyetujui Sirkuler.', 2, '101210101', 'Dimas Krisnadi', 'achmad.rizky@pangansari.co.id', '62895322588539', 214, 0, 1, 'PSU', NULL, '21-03-20244_dimas_krisnadi239372001.png', 4, 4, 4, 'Dimas Krisnadi', 'achmad.rizky@pangansari.co.id', 'accent', '', 0, 3, 'PT PANGANSARI UTAMA', 'PSU', 9, 'SADES KOMPUTER', 'SUPP-SDS', 3, 'Internal', 'INTERNAL', 2, 'Supplier', 'SUPP', 23, 'BAST', NULL, '2024-06-15 18:20:11', '2024-06-15 18:20:11', NULL, '2024-06-15 18:20:11', '2024-06-15 18:20:11'),
	(19, 5, 'LS/13/06/24/000005', '000002/AR/PSU-SUPP-SDS/BAST/06/24', '000001A/AR/PSU-SUPP-SDS/BAST/06/24', NULL, 'test percobaan 8', NULL, NULL, 'test ringkasan perjanjian', 'test opini hukum', 'Achmad Rizky Mengajukan perubahan nomor sirkuler (Menunggu Persetujuan Bpk/Ibu Atasan Legal). ', 2, '101210005', 'Achmad Rizky', 'achmad.rizky@pangansari.co.id', '6289532257738', 214, 0, 1, 'PSU', NULL, '27-03-20242_achmad_rizky259387291.png', 2, 4, 2, 'Achmad Rizky', 'achmad.rizky@pangansari.co.id', 'warning', '', 0, 3, 'PT PANGANSARI UTAMA', NULL, NULL, NULL, 'SUPP-SDS', NULL, NULL, NULL, NULL, NULL, NULL, 23, 'BAST', 'a', '2024-06-15 18:20:11', '2024-06-15 18:20:11', NULL, '2024-06-15 18:23:36', '2024-06-15 18:23:36'),
	(20, 5, 'LS/13/06/24/000005', '000001A/AR/PSU-SUPP-SDS/BAST/06/24', NULL, NULL, 'test percobaan 8', NULL, NULL, 'test ringkasan perjanjian', 'test opini hukum', 'Achmad Rizky Menyetujui perubahan nomor sirkuler', 2, '101210005', 'Achmad Rizky', 'achmad.rizky@pangansari.co.id', '6289532257738', 214, 0, 1, 'PSU', NULL, '27-03-20242_achmad_rizky259387291.png', 2, 4, 2, 'Achmad Rizky', 'achmad.rizky@pangansari.co.id', 'accent', '', 0, 3, 'PT PANGANSARI UTAMA', NULL, NULL, NULL, 'SUPP-SDS', NULL, NULL, NULL, NULL, NULL, NULL, 23, 'BAST', 'a', '2024-06-15 18:20:11', NULL, NULL, '2024-06-15 18:23:49', '2024-06-15 18:23:49'),
	(21, 6, 'LS/19/06/24/000006', NULL, NULL, NULL, 'Percobaan Sirkuler terbaru 1', NULL, NULL, 'test ringkasan perjanjian', 'test opini hukum', 'Achmad Rizky Berhasil membuat Legal Sirkuler (Membutuhkan Persetujuan Bpk/Ibu). ', 1, '101210005', 'Achmad Rizky', 'achmad.rizky@pangansari.co.id', '6289532257738', 214, 0, 1, 'PSU', NULL, '27-03-20242_achmad_rizky259387291.png', 2, NULL, 4, 'Dimas Krisnadi', 'achmad.rizky@pangansari.co.id', 'warning', '', 0, 3, 'PT PANGANSARI UTAMA', 'PSU', 10, 'BASEUS', 'BSB', 3, 'Internal', 'INTERNAL', 2, 'Supplier', 'SUPP', 1, 'PKS', NULL, NULL, NULL, NULL, '2024-06-18 20:53:42', '2024-06-18 20:53:42'),
	(22, 6, 'LS/19/06/24/000006', NULL, NULL, NULL, 'Percobaan Sirkuler terbaru 1', NULL, NULL, 'test ringkasan perjanjian', 'test opini hukum', 'Dimas Krisnadi Memberikan Catatan.', 3, '101210101', 'Dimas Krisnadi', 'achmad.rizky@pangansari.co.id', '62895322588539', 214, 0, 1, 'PSU', NULL, '', 4, 4, 4, 'Dimas Krisnadi', 'achmad.rizky@pangansari.co.id', 'danger', '', 0, 3, 'PT PANGANSARI UTAMA', 'PSU', 10, 'BASEUS', 'BSB', 3, 'Internal', 'INTERNAL', 2, 'Supplier', 'SUPP', 1, 'PKS', NULL, NULL, NULL, NULL, '2024-06-18 21:21:44', '2024-06-18 21:21:44'),
	(23, 6, 'LS/19/06/24/000006', NULL, NULL, NULL, 'Percobaan Sirkuler terbaru 1', NULL, NULL, 'test ringkasan perjanjian', 'test opini hukum', '<p>butuh perbaikan pada header dokumer A.1</p>', 3, '101210101', 'Dimas Krisnadi', 'achmad.rizky@pangansari.co.id', '62895322588539', 214, 0, 1, 'PSU', NULL, '', 4, 4, 4, 'Dimas Krisnadi', 'achmad.rizky@pangansari.co.id', 'primary', '', 0, 3, 'PT PANGANSARI UTAMA', 'PSU', 10, 'BASEUS', 'BSB', 3, 'Internal', 'INTERNAL', 2, 'Supplier', 'SUPP', 1, 'PKS', NULL, NULL, NULL, NULL, '2024-06-18 21:21:44', '2024-06-18 21:21:44'),
	(24, 7, 'LS/20/06/24/000007', NULL, NULL, NULL, 'percobaan 20/06/2024', NULL, NULL, 'ringkasan perjanjian 20/06/2024', 'test opini hukum', 'Achmad Rizky Berhasil membuat Legal Sirkuler (Membutuhkan Persetujuan Bpk/Ibu). ', 1, '101210005', 'Achmad Rizky', 'achmad.rizky@pangansari.co.id', '6289532257738', 214, 0, 1, 'PSU', NULL, '27-03-20242_achmad_rizky259387291.png', 2, NULL, 4, 'Dimas Krisnadi', 'achmad.rizky@pangansari.co.id', 'warning', '', 0, 3, 'PT PANGANSARI UTAMA', 'PSU', NULL, NULL, NULL, 3, 'Internal', 'INTERNAL', NULL, NULL, NULL, 1, 'PKS', NULL, NULL, NULL, NULL, '2024-06-19 19:37:20', '2024-06-19 19:37:20'),
	(25, 7, 'LS/20/06/24/000007', NULL, NULL, NULL, 'percobaan 20/06/2024', NULL, NULL, 'ringkasan perjanjian 20/06/2024', 'test opini hukum', 'Dimas Krisnadi Menyetujui Sirkuler.', 1, '101210101', 'Dimas Krisnadi', 'achmad.rizky@pangansari.co.id', '62895322588539', 214, 0, 1, 'PSU', NULL, '21-03-20244_dimas_krisnadi239372001.png', 4, 4, 4, 'Dimas Krisnadi', 'achmad.rizky@pangansari.co.id', 'accent', '', 0, 3, 'PT PANGANSARI UTAMA', 'PSU', NULL, NULL, NULL, 3, 'Internal', 'INTERNAL', NULL, NULL, NULL, 1, 'PKS', NULL, NULL, NULL, NULL, '2024-06-19 19:42:03', '2024-06-19 19:42:03'),
	(26, 7, 'LS/20/06/24/000007', NULL, NULL, NULL, 'percobaan 20/06/2024', NULL, NULL, 'ringkasan perjanjian 20/06/2024', 'test opini hukum', 'Syahril Hidayat Menyetujui Sirkuler.', 1, '103230815', 'Syahril Hidayat', 'syahril.hidayat@pangansari.co.id', NULL, NULL, NULL, NULL, NULL, NULL, '21-03-20247_syahril_hidayat1618610103.png', 7, 7, 7, 'Syahril Hidayat', 'syahril.hidayat@pangansari.co.id', 'accent', '', 0, 3, 'PT PANGANSARI UTAMA', 'PSU', NULL, NULL, NULL, 3, 'Internal', 'INTERNAL', NULL, NULL, NULL, 1, 'PKS', NULL, NULL, NULL, NULL, '2024-06-19 19:43:33', '2024-06-19 19:43:33'),
	(27, 7, 'LS/20/06/24/000007', NULL, NULL, NULL, 'percobaan 20/06/2024', NULL, NULL, 'ringkasan perjanjian 20/06/2024', 'test opini hukum', 'Ratih Astari Kirana Memberikan Catatan.', 3, '1012100051', 'Ratih Astari Kirana', 'achmad.rizky@pangansari.co.id', '62895322588510', NULL, NULL, NULL, NULL, NULL, '', 5, 5, 5, 'Ratih Astari Kirana', 'achmad.rizky@pangansari.co.id', 'danger', '', 0, 3, 'PT PANGANSARI UTAMA', 'PSU', NULL, NULL, NULL, 3, 'Internal', 'INTERNAL', NULL, NULL, NULL, 1, 'PKS', NULL, NULL, NULL, NULL, '2024-06-19 19:44:25', '2024-06-19 19:44:25'),
	(28, 7, 'LS/20/06/24/000007', NULL, NULL, NULL, 'percobaan 20/06/2024', NULL, NULL, 'ringkasan perjanjian 20/06/2024', 'test opini hukum', '<p>masih ada yang salah tuh!</p>', 3, '1012100051', 'Ratih Astari Kirana', 'achmad.rizky@pangansari.co.id', '62895322588510', NULL, NULL, NULL, NULL, NULL, '', 5, 5, 5, 'Ratih Astari Kirana', 'achmad.rizky@pangansari.co.id', 'primary', '', 0, 3, 'PT PANGANSARI UTAMA', 'PSU', NULL, NULL, NULL, 3, 'Internal', 'INTERNAL', NULL, NULL, NULL, 1, 'PKS', NULL, NULL, NULL, NULL, '2024-06-19 19:44:25', '2024-06-19 19:44:25'),
	(29, 7, 'LS/20/06/24/000007', NULL, NULL, NULL, 'percobaan 20/06/2024', NULL, NULL, 'ringkasan perjanjian 20/06/2024', 'test opini hukum', 'Achmad Rizky Berhasil memposting Legal Sirkuler (Membutuhkan Persetujuan Bpk/Ibu). ', 1, '101210005', 'Achmad Rizky', 'achmad.rizky@pangansari.co.id', '6289532257738', 214, 0, 1, 'PSU', NULL, '27-03-20242_achmad_rizky259387291.png', 2, 2, 2, 'Achmad Rizky', 'achmad.rizky@pangansari.co.id', 'warning', '', 0, 3, 'PT PANGANSARI UTAMA', 'PSU', NULL, NULL, NULL, 3, 'Internal', 'INTERNAL', NULL, NULL, NULL, 1, 'PKS', NULL, NULL, NULL, NULL, '2024-06-19 19:53:37', '2024-06-19 19:53:37'),
	(30, 7, 'LS/20/06/24/000007', NULL, NULL, NULL, 'percobaan 20/06/2024', NULL, NULL, 'ringkasan perjanjian 20/06/2024', 'test opini hukum', '<p>test reset!</p>', 1, '101210005', 'Achmad Rizky', 'achmad.rizky@pangansari.co.id', '6289532257738', 214, 0, 1, 'PSU', NULL, '27-03-20242_achmad_rizky259387291.png', 2, 2, 2, 'Achmad Rizky', 'achmad.rizky@pangansari.co.id', 'primary', '', 0, 3, 'PT PANGANSARI UTAMA', 'PSU', NULL, NULL, NULL, 3, 'Internal', 'INTERNAL', NULL, NULL, NULL, 1, 'PKS', NULL, NULL, NULL, NULL, '2024-06-19 19:53:37', '2024-06-19 19:53:37'),
	(31, 7, 'LS/20/06/24/000007', NULL, NULL, NULL, 'percobaan 20/06/2024', NULL, NULL, 'ringkasan perjanjian 20/06/2024', 'test opini hukum', 'Dimas Krisnadi Menyetujui Sirkuler.', 1, '101210101', 'Dimas Krisnadi', 'achmad.rizky@pangansari.co.id', '62895322588539', 214, 0, 1, 'PSU', NULL, '21-03-20244_dimas_krisnadi239372001.png', 4, 4, 4, 'Dimas Krisnadi', 'achmad.rizky@pangansari.co.id', 'accent', '', 0, 3, 'PT PANGANSARI UTAMA', 'PSU', NULL, NULL, NULL, 3, 'Internal', 'INTERNAL', NULL, NULL, NULL, 1, 'PKS', NULL, NULL, NULL, NULL, '2024-06-19 19:54:34', '2024-06-19 19:54:34'),
	(32, 7, 'LS/20/06/24/000007', '000002/AR/PSU/PKS/06/24', NULL, NULL, 'percobaan 20/06/2024', NULL, NULL, 'ringkasan perjanjian 20/06/2024', 'test opini hukum', 'Ratih Astari Kirana Menyetujui Sirkuler.', 2, '1012100051', 'Ratih Astari Kirana', 'achmad.rizky@pangansari.co.id', '62895322588510', NULL, NULL, NULL, NULL, NULL, '26-03-20245_ratih_astari_kirana1563161557.png', 5, 5, 5, 'Ratih Astari Kirana', 'achmad.rizky@pangansari.co.id', 'accent', '', 0, 3, 'PT PANGANSARI UTAMA', 'PSU', NULL, NULL, NULL, 3, 'Internal', 'INTERNAL', NULL, NULL, NULL, 1, 'PKS', NULL, '2024-06-19 19:55:09', '2024-06-19 19:55:09', NULL, '2024-06-19 19:55:09', '2024-06-19 19:55:09'),
	(33, 8, 'LS/21/06/24/000008', NULL, NULL, NULL, 'Percobaan sirkuler 21/06/2024', NULL, NULL, 'test ringkasan perjanjian', 'test opini hukum', 'Achmad Rizky Berhasil membuat Legal Sirkuler (Membutuhkan Persetujuan Bpk/Ibu). ', 1, '101210005', 'Achmad Rizky', 'achmad.rizky@pangansari.co.id', '6289532257738', 214, 0, 1, 'PSU', NULL, '27-03-20242_achmad_rizky259387291.png', 2, NULL, 4, 'Dimas Krisnadi', 'achmad.rizky@pangansari.co.id', 'warning', '', 0, 3, 'PT PANGANSARI UTAMA', 'PSU', 2, 'REXUS KOMPUTER', 'RXS', 3, 'Internal', 'INTERNAL', 2, 'Supplier', 'SUPP', 1, 'PKS', NULL, NULL, NULL, NULL, '2024-06-20 20:03:20', '2024-06-20 20:03:20'),
	(34, 8, 'LS/21/06/24/000008', NULL, NULL, NULL, 'Percobaan sirkuler 21/06/2024', NULL, NULL, 'test ringkasan perjanjian', 'test opini hukum', 'Dimas Krisnadi Menyetujui Sirkuler.', 1, '101210101', 'Dimas Krisnadi', 'achmad.rizky@pangansari.co.id', '62895322588539', 214, 0, 1, 'PSU', NULL, '21-03-20244_dimas_krisnadi239372001.png', 4, 4, 4, 'Dimas Krisnadi', 'achmad.rizky@pangansari.co.id', 'accent', '', 0, 3, 'PT PANGANSARI UTAMA', 'PSU', 2, 'REXUS KOMPUTER', 'RXS', 3, 'Internal', 'INTERNAL', 2, 'Supplier', 'SUPP', 1, 'PKS', NULL, NULL, NULL, NULL, '2024-06-20 20:08:43', '2024-06-20 20:08:43'),
	(35, 8, 'LS/21/06/24/000008', NULL, NULL, NULL, 'Percobaan sirkuler 21/06/2024', NULL, NULL, 'test ringkasan perjanjian', 'test opini hukum', 'Syahril Hidayat Menyetujui Sirkuler.', 1, '103230815', 'Syahril Hidayat', 'syahril.hidayat@pangansari.co.id', NULL, NULL, NULL, NULL, NULL, NULL, '21-03-20247_syahril_hidayat1618610103.png', 7, 7, 7, 'Syahril Hidayat', 'syahril.hidayat@pangansari.co.id', 'accent', '', 0, 3, 'PT PANGANSARI UTAMA', 'PSU', 2, 'REXUS KOMPUTER', 'RXS', 3, 'Internal', 'INTERNAL', 2, 'Supplier', 'SUPP', 1, 'PKS', NULL, NULL, NULL, NULL, '2024-06-20 20:11:20', '2024-06-20 20:11:20'),
	(36, 8, 'LS/21/06/24/000008', NULL, NULL, NULL, 'Percobaan sirkuler 21/06/2024', NULL, NULL, 'test ringkasan perjanjian', 'test opini hukum', 'Heiga Adhi Saputra Pribadhie Memberikan Catatan.', 3, '101200001', 'HEIGA ADHI SAPUTRA PRIBADHIE', 'achmad.rizky@pangansari.co.id', '62895322588537', 243, 0, 1, 'PSU', NULL, '', 8, 8, 8, 'HEIGA ADHI SAPUTRA PRIBADHIE', 'achmad.rizky@pangansari.co.id', 'danger', '', 0, 3, 'PT PANGANSARI UTAMA', 'PSU', 2, 'REXUS KOMPUTER', 'RXS', 3, 'Internal', 'INTERNAL', 2, 'Supplier', 'SUPP', 1, 'PKS', NULL, NULL, NULL, NULL, '2024-06-20 20:12:19', '2024-06-20 20:12:19'),
	(37, 8, 'LS/21/06/24/000008', NULL, NULL, NULL, 'Percobaan sirkuler 21/06/2024', NULL, NULL, 'test ringkasan perjanjian', 'test opini hukum', '<p>pada bagian header A 2 halaman 3. mohon ditegaskan keperluannya!</p>', 3, '101200001', 'HEIGA ADHI SAPUTRA PRIBADHIE', 'achmad.rizky@pangansari.co.id', '62895322588537', 243, 0, 1, 'PSU', NULL, '', 8, 8, 8, 'HEIGA ADHI SAPUTRA PRIBADHIE', 'achmad.rizky@pangansari.co.id', 'primary', '', 0, 3, 'PT PANGANSARI UTAMA', 'PSU', 2, 'REXUS KOMPUTER', 'RXS', 3, 'Internal', 'INTERNAL', 2, 'Supplier', 'SUPP', 1, 'PKS', NULL, NULL, NULL, NULL, '2024-06-20 20:12:19', '2024-06-20 20:12:19'),
	(38, 8, 'LS/21/06/24/000008', NULL, NULL, NULL, 'Percobaan sirkuler 21/06/2024', NULL, NULL, 'test ringkasan perjanjian', 'test opini hukum', 'Achmad Rizky Berhasil memposting Legal Sirkuler (Membutuhkan Persetujuan Bpk/Ibu). ', 1, '101210005', 'Achmad Rizky', 'achmad.rizky@pangansari.co.id', '6289532257738', 214, 0, 1, 'PSU', NULL, '27-03-20242_achmad_rizky259387291.png', 2, 2, 2, 'Achmad Rizky', 'achmad.rizky@pangansari.co.id', 'warning', '', 0, 3, 'PT PANGANSARI UTAMA', 'PSU', 2, 'REXUS KOMPUTER', 'RXS', 3, 'Internal', 'INTERNAL', 2, 'Supplier', 'SUPP', 1, 'PKS', NULL, NULL, NULL, NULL, '2024-06-20 20:14:18', '2024-06-20 20:14:18'),
	(39, 8, 'LS/21/06/24/000008', NULL, NULL, NULL, 'Percobaan sirkuler 21/06/2024', NULL, NULL, 'test ringkasan perjanjian', 'test opini hukum', '<p>oke baik, segera saya perbaiki!</p>', 1, '101210005', 'Achmad Rizky', 'achmad.rizky@pangansari.co.id', '6289532257738', 214, 0, 1, 'PSU', NULL, '27-03-20242_achmad_rizky259387291.png', 2, 2, 2, 'Achmad Rizky', 'achmad.rizky@pangansari.co.id', 'primary', '', 0, 3, 'PT PANGANSARI UTAMA', 'PSU', 2, 'REXUS KOMPUTER', 'RXS', 3, 'Internal', 'INTERNAL', 2, 'Supplier', 'SUPP', 1, 'PKS', NULL, NULL, NULL, NULL, '2024-06-20 20:14:18', '2024-06-20 20:14:18'),
	(40, 8, 'LS/21/06/24/000008', '000003/AR/PSU-RXS/PKS/06/24', NULL, NULL, 'Percobaan sirkuler 21/06/2024', NULL, NULL, 'test ringkasan perjanjian', 'test opini hukum', 'Heiga Adhi Saputra Pribadhie Menyetujui Sirkuler.', 2, '101200001', 'HEIGA ADHI SAPUTRA PRIBADHIE', 'achmad.rizky@pangansari.co.id', '62895322588537', 243, 0, 1, 'PSU', NULL, '25-03-20248_heiga_adhi_saputra_pribadhie611562226.png', 8, 8, 8, 'HEIGA ADHI SAPUTRA PRIBADHIE', 'achmad.rizky@pangansari.co.id', 'accent', '', 0, 3, 'PT PANGANSARI UTAMA', 'PSU', 2, 'REXUS KOMPUTER', 'RXS', 3, 'Internal', 'INTERNAL', 2, 'Supplier', 'SUPP', 1, 'PKS', NULL, '2024-06-20 20:15:10', '2024-06-20 20:15:10', NULL, '2024-06-20 20:15:10', '2024-06-20 20:15:10'),
	(41, 8, 'LS/21/06/24/000008', '000003/AR/PSU-RXS/PKS/06/24', '000002A/AR/PSU-RXS/PKS/06/24', NULL, 'Percobaan sirkuler 21/06/2024', NULL, NULL, 'test ringkasan perjanjian', 'test opini hukum', 'Achmad Rizky Mengajukan perubahan nomor sirkuler (Menunggu Persetujuan Bpk/Ibu Atasan Legal). ', 2, '101210005', 'Achmad Rizky', 'achmad.rizky@pangansari.co.id', '6289532257738', 214, 0, 1, 'PSU', NULL, '27-03-20242_achmad_rizky259387291.png', 2, 8, 2, 'Achmad Rizky', 'achmad.rizky@pangansari.co.id', 'warning', '', 0, 3, 'PT PANGANSARI UTAMA', NULL, NULL, NULL, 'RXS', NULL, NULL, NULL, NULL, NULL, NULL, 1, 'PKS', 'A', '2024-06-20 20:15:10', '2024-06-20 20:15:10', NULL, '2024-06-20 20:18:05', '2024-06-20 20:18:05'),
	(42, 8, 'LS/21/06/24/000008', '000002A/AR/PSU-RXS/PKS/06/24', NULL, NULL, 'Percobaan sirkuler 21/06/2024', NULL, NULL, 'test ringkasan perjanjian', 'test opini hukum', 'Achmad Rizky Menyetujui perubahan nomor sirkuler', 2, '101210005', 'Achmad Rizky', 'achmad.rizky@pangansari.co.id', '6289532257738', 214, 0, 1, 'PSU', NULL, '27-03-20242_achmad_rizky259387291.png', 2, 8, 2, 'Achmad Rizky', 'achmad.rizky@pangansari.co.id', 'accent', '', 0, 3, 'PT PANGANSARI UTAMA', NULL, NULL, NULL, 'RXS', NULL, NULL, NULL, NULL, NULL, NULL, 1, 'PKS', 'A', '2024-06-20 20:15:10', NULL, NULL, '2024-06-20 20:19:03', '2024-06-20 20:19:03'),
	(43, 9, 'LS/21/06/24/000009', NULL, NULL, NULL, 'PSM Kendaraan Project STM', NULL, NULL, 'Sewa Toyota Hilux, biaya per bulan 20.000.000', 'Perjanjian sesuai dengan Pasal 1320 KUHPerdata', 'Dimas Adhi Naufal Berhasil membuat Legal Sirkuler (Membutuhkan Persetujuan Bpk/Ibu). ', 1, '101220377', 'DIMAS ADHI NAUFAL', 'dimas.adhi@pangansari.co.id', '6281906392364', 243, 0, 1, 'PSU', NULL, '21-06-202418_dimas_adhi_naufal1837772364.png', 18, NULL, 19, 'DICKY DENDI SUSANDI', 'dicky.dendi@pangansari.co.id', 'warning', '', 0, 3, 'PT PANGANSARI UTAMA', 'PSU', 10, 'BASEUS', 'BSB', 3, 'Internal', 'INTERNAL', 2, 'Supplier', 'SUPP', 2, 'PSM', NULL, NULL, NULL, NULL, '2024-06-20 20:29:45', '2024-06-20 20:29:45'),
	(44, 9, 'LS/21/06/24/000009', NULL, NULL, NULL, 'PSM Kendaraan Project STM', NULL, NULL, 'Sewa Toyota Hilux, biaya per bulan 20.000.000', 'Perjanjian sesuai dengan Pasal 1320 KUHPerdata', 'Dicky Dendi Susandi Menyetujui Sirkuler.', 1, '101210197', 'DICKY DENDI SUSANDI', 'dicky.dendi@pangansari.co.id', '6281998888192', 243, 0, 1, 'PSU', NULL, '21-06-202419_dicky_dendi_susandi198102958.png', 19, 19, 19, 'DICKY DENDI SUSANDI', 'dicky.dendi@pangansari.co.id', 'accent', '', 0, 3, 'PT PANGANSARI UTAMA', 'PSU', 10, 'BASEUS', 'BSB', 3, 'Internal', 'INTERNAL', 2, 'Supplier', 'SUPP', 2, 'PSM', NULL, NULL, NULL, NULL, '2024-06-20 20:30:43', '2024-06-20 20:30:43'),
	(45, 9, 'LS/21/06/24/000009', NULL, NULL, NULL, 'PSM Kendaraan Project STM', NULL, NULL, 'Sewa Toyota Hilux, biaya per bulan 20.000.000', 'Perjanjian sesuai dengan Pasal 1320 KUHPerdata', 'Heiga Adhi Saputra Pribadhie Memberikan Catatan.', 3, '101200001', 'HEIGA ADHI SAPUTRA PRIBADHIE', 'achmad.rizky@pangansari.co.id', '62895322588537', 243, 0, 1, 'PSU', NULL, '', 8, 8, 8, 'HEIGA ADHI SAPUTRA PRIBADHIE', 'achmad.rizky@pangansari.co.id', 'danger', '', 0, 3, 'PT PANGANSARI UTAMA', 'PSU', 10, 'BASEUS', 'BSB', 3, 'Internal', 'INTERNAL', 2, 'Supplier', 'SUPP', 2, 'PSM', NULL, NULL, NULL, NULL, '2024-06-20 20:33:09', '2024-06-20 20:33:09'),
	(46, 9, 'LS/21/06/24/000009', NULL, NULL, NULL, 'PSM Kendaraan Project STM', NULL, NULL, 'Sewa Toyota Hilux, biaya per bulan 20.000.000', 'Perjanjian sesuai dengan Pasal 1320 KUHPerdata', '<p>Masa sewa diganti 3 hari saja.</p><p>&nbsp;</p><p>mobil yang disewa harus lexus rx</p>', 3, '101200001', 'HEIGA ADHI SAPUTRA PRIBADHIE', 'achmad.rizky@pangansari.co.id', '62895322588537', 243, 0, 1, 'PSU', NULL, '', 8, 8, 8, 'HEIGA ADHI SAPUTRA PRIBADHIE', 'achmad.rizky@pangansari.co.id', 'primary', '', 0, 3, 'PT PANGANSARI UTAMA', 'PSU', 10, 'BASEUS', 'BSB', 3, 'Internal', 'INTERNAL', 2, 'Supplier', 'SUPP', 2, 'PSM', NULL, NULL, NULL, NULL, '2024-06-20 20:33:09', '2024-06-20 20:33:09'),
	(47, 9, 'LS/21/06/24/000009', NULL, NULL, NULL, 'PSM Kendaraan Project STM', NULL, NULL, 'Sewa Toyota Hilux, biaya per bulan 20.000.000', 'Perjanjian sesuai dengan Pasal 1320 KUHPerdata', 'Dimas Adhi Naufal Berhasil memposting Legal Sirkuler (Membutuhkan Persetujuan Bpk/Ibu). ', 1, '101220377', 'DIMAS ADHI NAUFAL', 'dimas.adhi@pangansari.co.id', '6281906392364', 243, 0, 1, 'PSU', NULL, '21-06-202418_dimas_adhi_naufal1837772364.png', 18, 18, 18, 'DIMAS ADHI NAUFAL', 'dimas.adhi@pangansari.co.id', 'warning', '', 0, 3, 'PT PANGANSARI UTAMA', 'PSU', 10, 'BASEUS', 'BSB', 3, 'Internal', 'INTERNAL', 2, 'Supplier', 'SUPP', 2, 'PSM', NULL, NULL, NULL, NULL, '2024-06-20 20:35:40', '2024-06-20 20:35:40'),
	(48, 9, 'LS/21/06/24/000009', NULL, NULL, NULL, 'PSM Kendaraan Project STM', NULL, NULL, 'Sewa Toyota Hilux, biaya per bulan 20.000.000', 'Perjanjian sesuai dengan Pasal 1320 KUHPerdata', '<p>Mobil Lexusnya kosong Pak, adanya BMW.</p>', 1, '101220377', 'DIMAS ADHI NAUFAL', 'dimas.adhi@pangansari.co.id', '6281906392364', 243, 0, 1, 'PSU', NULL, '21-06-202418_dimas_adhi_naufal1837772364.png', 18, 18, 18, 'DIMAS ADHI NAUFAL', 'dimas.adhi@pangansari.co.id', 'primary', '', 0, 3, 'PT PANGANSARI UTAMA', 'PSU', 10, 'BASEUS', 'BSB', 3, 'Internal', 'INTERNAL', 2, 'Supplier', 'SUPP', 2, 'PSM', NULL, NULL, NULL, NULL, '2024-06-20 20:35:40', '2024-06-20 20:35:40'),
	(49, 9, 'LS/21/06/24/000009', '000003/DN/PSU-BSB/PSM/06/24', NULL, NULL, 'PSM Kendaraan Project STM', NULL, NULL, 'Sewa Toyota Hilux, biaya per bulan 20.000.000', 'Perjanjian sesuai dengan Pasal 1320 KUHPerdata', 'Heiga Adhi Saputra Pribadhie Menyetujui Sirkuler.', 2, '101200001', 'HEIGA ADHI SAPUTRA PRIBADHIE', 'achmad.rizky@pangansari.co.id', '62895322588537', 243, 0, 1, 'PSU', NULL, '25-03-20248_heiga_adhi_saputra_pribadhie611562226.png', 8, 8, 8, 'HEIGA ADHI SAPUTRA PRIBADHIE', 'achmad.rizky@pangansari.co.id', 'accent', '', 0, 3, 'PT PANGANSARI UTAMA', 'PSU', 10, 'BASEUS', 'BSB', 3, 'Internal', 'INTERNAL', 2, 'Supplier', 'SUPP', 2, 'PSM', NULL, '2024-06-20 20:36:07', '2024-06-20 20:36:07', NULL, '2024-06-20 20:36:07', '2024-06-20 20:36:07'),
	(50, 9, 'LS/21/06/24/000009', '000003/DN/PSU-BSB/PSM/06/24', '000002B/DN/PSU-BSB/PSM/06/24', NULL, 'PSM Kendaraan Project STM', NULL, NULL, 'Sewa Toyota Hilux, biaya per bulan 20.000.000', 'Perjanjian sesuai dengan Pasal 1320 KUHPerdata', 'Dimas Adhi Naufal Mengajukan perubahan nomor sirkuler (Menunggu Persetujuan Bpk/Ibu Atasan Legal). ', 2, '101220377', 'DIMAS ADHI NAUFAL', 'dimas.adhi@pangansari.co.id', '6281906392364', 243, 0, 1, 'PSU', NULL, '21-06-202418_dimas_adhi_naufal1837772364.png', 18, 8, 18, 'DIMAS ADHI NAUFAL', 'dimas.adhi@pangansari.co.id', 'warning', '', 0, 3, 'PT PANGANSARI UTAMA', NULL, NULL, NULL, 'BSB', NULL, NULL, NULL, NULL, NULL, NULL, 2, 'PSM', 'B', '2024-06-20 20:36:07', '2024-06-20 20:36:07', NULL, '2024-06-20 20:37:27', '2024-06-20 20:37:27'),
	(51, 10, 'LS/21/06/24/000010', NULL, NULL, NULL, 'Percobaan 21/06/2024 v2', NULL, NULL, '<p>Hallo</p><ol><li>testing</li><li>hello</li><li>bandung</li></ol>', 'test12345', 'Achmad Rizky Berhasil membuat Legal Sirkuler (Membutuhkan Persetujuan Bpk/Ibu). ', 1, '101210005', 'Achmad Rizky', 'achmad.rizky@pangansari.co.id', '6289532257738', 214, 0, 1, 'PSU', NULL, '27-03-20242_achmad_rizky259387291.png', 2, NULL, 4, 'Dimas Krisnadi', 'achmad.rizky@pangansari.co.id', 'warning', '', 0, 3, 'PT PANGANSARI UTAMA', 'PSU', NULL, NULL, NULL, 3, 'Internal', 'INTERNAL', NULL, NULL, NULL, 1, 'PKS', NULL, NULL, NULL, NULL, '2024-06-21 00:54:45', '2024-06-21 00:54:45'),
	(52, 10, 'LS/21/06/24/000010', '000004/AR/PSU/PKS/VI/24', NULL, NULL, 'Percobaan 21/06/2024 v2', NULL, NULL, '<p>Hallo</p><ol><li>testing</li><li>hello</li><li>bandung</li></ol>', 'test12345', 'Dimas Krisnadi Menyetujui Sirkuler.', 2, '101210101', 'Dimas Krisnadi', 'achmad.rizky@pangansari.co.id', '62895322588539', 214, 0, 1, 'PSU', NULL, '21-03-20244_dimas_krisnadi239372001.png', 4, 4, 4, 'Dimas Krisnadi', 'achmad.rizky@pangansari.co.id', 'accent', '', 0, 3, 'PT PANGANSARI UTAMA', 'PSU', NULL, NULL, NULL, 3, 'Internal', 'INTERNAL', NULL, NULL, NULL, 1, 'PKS', NULL, '2024-06-21 01:23:04', '2024-06-21 01:23:04', NULL, '2024-06-21 01:23:04', '2024-06-21 01:23:04');

-- Dumping structure for table ga-sheet.lara_sirkuler_head_approval
CREATE TABLE IF NOT EXISTS `lara_sirkuler_head_approval` (
  `id` bigint(20) NOT NULL AUTO_INCREMENT,
  `status` tinyint(4) unsigned DEFAULT '0',
  `priority` tinyint(4) unsigned DEFAULT NULL,
  `nip` varchar(255) COLLATE armscii8_bin DEFAULT NULL,
  `name` varchar(255) COLLATE armscii8_bin DEFAULT NULL,
  `email` varchar(255) COLLATE armscii8_bin DEFAULT NULL,
  `phone` varchar(255) COLLATE armscii8_bin DEFAULT NULL,
  `position` varchar(255) COLLATE armscii8_bin DEFAULT NULL,
  `department_id` bigint(20) DEFAULT NULL,
  `department_name` varchar(255) COLLATE armscii8_bin DEFAULT NULL,
  `company_id` bigint(20) DEFAULT NULL,
  `company_name` varchar(255) COLLATE armscii8_bin DEFAULT NULL,
  `sirkuler_header_id` bigint(20) DEFAULT NULL,
  `user_id` bigint(20) DEFAULT NULL,
  `signature` varchar(255) COLLATE armscii8_bin DEFAULT NULL,
  `created_at` timestamp NULL DEFAULT NULL,
  `updated_at` timestamp NULL DEFAULT NULL,
  PRIMARY KEY (`id`)
) ENGINE=InnoDB AUTO_INCREMENT=16 DEFAULT CHARSET=armscii8 COLLATE=armscii8_bin;

-- Dumping data for table ga-sheet.lara_sirkuler_head_approval: ~15 rows (approximately)
INSERT INTO `lara_sirkuler_head_approval` (`id`, `status`, `priority`, `nip`, `name`, `email`, `phone`, `position`, `department_id`, `department_name`, `company_id`, `company_name`, `sirkuler_header_id`, `user_id`, `signature`, `created_at`, `updated_at`) VALUES
	(1, 2, 1, '101210101', 'Dimas Krisnadi', 'achmad.rizky@pangansari.co.id', '62895322588539', 'test input posisi', 214, 'DEPT  IT & MIS', 1, 'PSU', 1, 4, '21-03-20244_dimas_krisnadi239372001.png', '2024-06-13 02:22:32', '2024-06-15 17:55:18'),
	(2, 1, 1, '101210101', 'Dimas Krisnadi', 'achmad.rizky@pangansari.co.id', '62895322588539', 'test posisi 1', 214, 'DEPT  IT & MIS', 1, 'PSU', 2, 4, NULL, '2024-06-13 02:53:09', '2024-06-13 02:53:09'),
	(3, 1, 1, '101210101', 'Dimas Krisnadi', 'achmad.rizky@pangansari.co.id', '62895322588539', 'test posisi', 214, 'DEPT  IT & MIS', 1, 'PSU', 3, 4, NULL, '2024-06-13 02:59:45', '2024-06-13 02:59:45'),
	(4, 1, 1, '101210101', 'Dimas Krisnadi', 'achmad.rizky@pangansari.co.id', '62895322588539', 'test', 214, 'DEPT  IT & MIS', 1, 'PSU', 4, 4, NULL, '2024-06-13 03:16:06', '2024-06-13 03:16:06'),
	(5, 2, 1, '101210101', 'Dimas Krisnadi', 'achmad.rizky@pangansari.co.id', '62895322588539', 'test 2', 214, 'DEPT  IT & MIS', 1, 'PSU', 5, 4, '21-03-20244_dimas_krisnadi239372001.png', '2024-06-13 03:16:06', '2024-06-15 18:20:11'),
	(6, 3, 1, '101210101', 'Dimas Krisnadi', 'achmad.rizky@pangansari.co.id', '62895322588539', 'test posisi', 214, 'DEPT  IT & MIS', 1, 'PSU', 6, 4, '', '2024-06-18 20:53:42', '2024-06-18 21:21:44'),
	(7, 2, 1, '101210101', 'Dimas Krisnadi', 'achmad.rizky@pangansari.co.id', '62895322588539', 'Persetujuan 1', 214, 'DEPT  IT & MIS', 1, 'PSU', 7, 4, '21-03-20244_dimas_krisnadi239372001.png', '2024-06-19 19:37:20', '2024-06-19 19:54:34'),
	(8, 2, 2, '103230815', 'Syahril Hidayat', 'syahril.hidayat@pangansari.co.id', NULL, 'Persetujuan 2', NULL, NULL, NULL, NULL, 7, 7, '21-03-20247_syahril_hidayat1618610103.png', '2024-06-19 19:37:20', '2024-06-19 19:43:33'),
	(9, 2, 3, '1012100051', 'Ratih Astari Kirana', 'achmad.rizky@pangansari.co.id', '62895322588510', 'Persetujuan 3', NULL, NULL, NULL, NULL, 7, 5, '26-03-20245_ratih_astari_kirana1563161557.png', '2024-06-19 19:37:20', '2024-06-19 19:55:09'),
	(10, 2, 1, '101210101', 'Dimas Krisnadi', 'achmad.rizky@pangansari.co.id', '62895322588539', 'test persetujuan 1', 214, 'DEPT  IT & MIS', 1, 'PSU', 8, 4, '21-03-20244_dimas_krisnadi239372001.png', '2024-06-20 20:03:20', '2024-06-20 20:08:43'),
	(11, 2, 2, '103230815', 'Syahril Hidayat', 'syahril.hidayat@pangansari.co.id', NULL, 'test persetujuan 2', NULL, NULL, NULL, NULL, 8, 7, '21-03-20247_syahril_hidayat1618610103.png', '2024-06-20 20:03:20', '2024-06-20 20:11:20'),
	(12, 2, 3, '101200001', 'HEIGA ADHI SAPUTRA PRIBADHIE', 'achmad.rizky@pangansari.co.id', '62895322588537', 'test persetujuan 3', 243, 'DEPT. LEGAL', 1, 'PSU', 8, 8, '25-03-20248_heiga_adhi_saputra_pribadhie611562226.png', '2024-06-20 20:03:20', '2024-06-20 20:15:10'),
	(13, 2, 1, '101210197', 'DICKY DENDI SUSANDI', 'dicky.dendi@pangansari.co.id', '6281998888192', 'Deputi', 243, 'DEPT. LEGAL', 1, 'PSU', 9, 19, '21-06-202419_dicky_dendi_susandi198102958.png', '2024-06-20 20:29:45', '2024-06-20 20:30:43'),
	(14, 2, 2, '101200001', 'HEIGA ADHI SAPUTRA PRIBADHIE', 'achmad.rizky@pangansari.co.id', '62895322588537', 'Head Legal', 243, 'DEPT. LEGAL', 1, 'PSU', 9, 8, '25-03-20248_heiga_adhi_saputra_pribadhie611562226.png', '2024-06-20 20:29:45', '2024-06-20 20:36:07'),
	(15, 2, 1, '101210101', 'Dimas Krisnadi', 'achmad.rizky@pangansari.co.id', '62895322588539', 'test posisi 1', 214, 'DEPT  IT & MIS', 1, 'PSU', 10, 4, '21-03-20244_dimas_krisnadi239372001.png', '2024-06-21 00:54:45', '2024-06-21 01:23:04');

-- Dumping structure for table ga-sheet.lara_sirkuler_head_approval_history
CREATE TABLE IF NOT EXISTS `lara_sirkuler_head_approval_history` (
  `id` bigint(20) NOT NULL AUTO_INCREMENT,
  `sirkuler_head_approval_id` bigint(20) DEFAULT NULL,
  `priority` tinyint(4) unsigned DEFAULT NULL,
  `nip` varchar(255) COLLATE armscii8_bin DEFAULT NULL,
  `status` tinyint(4) DEFAULT '0',
  `name` varchar(255) COLLATE armscii8_bin DEFAULT NULL,
  `email` varchar(255) COLLATE armscii8_bin DEFAULT NULL,
  `phone` varchar(255) COLLATE armscii8_bin DEFAULT NULL,
  `position` varchar(255) COLLATE armscii8_bin DEFAULT NULL,
  `department_id` bigint(20) DEFAULT NULL,
  `department_name` varchar(255) COLLATE armscii8_bin DEFAULT NULL,
  `company_id` bigint(20) DEFAULT NULL,
  `company_name` varchar(255) COLLATE armscii8_bin DEFAULT NULL,
  `sirkuler_header_id` bigint(20) DEFAULT NULL,
  `user_id` bigint(20) DEFAULT NULL,
  `signature` varchar(255) COLLATE armscii8_bin DEFAULT NULL,
  `created_at` timestamp NULL DEFAULT NULL,
  `updated_at` timestamp NULL DEFAULT NULL,
  PRIMARY KEY (`id`)
) ENGINE=InnoDB AUTO_INCREMENT=46 DEFAULT CHARSET=armscii8 COLLATE=armscii8_bin;

-- Dumping data for table ga-sheet.lara_sirkuler_head_approval_history: ~45 rows (approximately)
INSERT INTO `lara_sirkuler_head_approval_history` (`id`, `sirkuler_head_approval_id`, `priority`, `nip`, `status`, `name`, `email`, `phone`, `position`, `department_id`, `department_name`, `company_id`, `company_name`, `sirkuler_header_id`, `user_id`, `signature`, `created_at`, `updated_at`) VALUES
	(1, 1, 1, '101210101', 1, 'Dimas Krisnadi', 'achmad.rizky@pangansari.co.id', '62895322588539', 'test input posisi', 214, 'DEPT  IT & MIS', 1, 'PSU', 1, 4, NULL, '2024-06-13 02:22:32', '2024-06-13 02:22:32'),
	(2, 2, 1, '101210101', 1, 'Dimas Krisnadi', 'achmad.rizky@pangansari.co.id', '62895322588539', 'test posisi 1', 214, 'DEPT  IT & MIS', 1, 'PSU', 2, 4, NULL, '2024-06-13 02:53:09', '2024-06-13 02:53:09'),
	(3, 3, 1, '101210101', 1, 'Dimas Krisnadi', 'achmad.rizky@pangansari.co.id', '62895322588539', 'test posisi', 214, 'DEPT  IT & MIS', 1, 'PSU', 3, 4, NULL, '2024-06-13 02:59:45', '2024-06-13 02:59:45'),
	(4, 4, 1, '101210101', 1, 'Dimas Krisnadi', 'achmad.rizky@pangansari.co.id', '62895322588539', 'test', 214, 'DEPT  IT & MIS', 1, 'PSU', 4, 4, NULL, '2024-06-13 03:16:06', '2024-06-13 03:16:06'),
	(5, 5, 1, '101210101', 1, 'Dimas Krisnadi', 'achmad.rizky@pangansari.co.id', '62895322588539', 'test 2', 214, 'DEPT  IT & MIS', 1, 'PSU', 5, 4, NULL, '2024-06-13 03:16:06', '2024-06-13 03:16:06'),
	(6, 1, 1, '101210101', 3, 'Dimas Krisnadi', 'achmad.rizky@pangansari.co.id', '62895322588539', 'test input posisi', 214, 'DEPT  IT & MIS', 1, 'PSU', 1, 4, '', '2024-06-15 17:36:29', '2024-06-15 17:36:29'),
	(7, 1, 1, '101210101', 1, 'Dimas Krisnadi', 'achmad.rizky@pangansari.co.id', '62895322588539', 'test input posisi', 214, 'DEPT  IT & MIS', 1, 'PSU', 1, 4, NULL, '2024-06-15 17:51:52', '2024-06-15 17:51:52'),
	(8, 1, 1, '101210101', 2, 'Dimas Krisnadi', 'achmad.rizky@pangansari.co.id', '62895322588539', 'test input posisi', 214, 'DEPT  IT & MIS', 1, 'PSU', 1, 4, '21-03-20244_dimas_krisnadi239372001.png', '2024-06-15 17:55:18', '2024-06-15 17:55:18'),
	(9, 5, 1, '101210101', 1, 'Dimas Krisnadi', 'achmad.rizky@pangansari.co.id', '62895322588539', 'test 2', 214, 'DEPT  IT & MIS', 1, 'PSU', 5, 4, NULL, '2024-06-15 18:14:58', '2024-06-15 18:14:58'),
	(10, 5, 1, '101210101', 1, 'Dimas Krisnadi', 'achmad.rizky@pangansari.co.id', '62895322588539', 'test 2', 214, 'DEPT  IT & MIS', 1, 'PSU', 5, 4, NULL, '2024-06-15 18:15:57', '2024-06-15 18:15:57'),
	(11, 5, 1, '101210101', 1, 'Dimas Krisnadi', 'achmad.rizky@pangansari.co.id', '62895322588539', 'test 2', 214, 'DEPT  IT & MIS', 1, 'PSU', 5, 4, NULL, '2024-06-15 18:19:31', '2024-06-15 18:19:31'),
	(12, 5, 1, '101210101', 1, 'Dimas Krisnadi', 'achmad.rizky@pangansari.co.id', '62895322588539', 'test 2', 214, 'DEPT  IT & MIS', 1, 'PSU', 5, 4, NULL, '2024-06-15 18:19:53', '2024-06-15 18:19:53'),
	(13, 5, 1, '101210101', 2, 'Dimas Krisnadi', 'achmad.rizky@pangansari.co.id', '62895322588539', 'test 2', 214, 'DEPT  IT & MIS', 1, 'PSU', 5, 4, '21-03-20244_dimas_krisnadi239372001.png', '2024-06-15 18:20:11', '2024-06-15 18:20:11'),
	(14, 6, 1, '101210101', 1, 'Dimas Krisnadi', 'achmad.rizky@pangansari.co.id', '62895322588539', 'test posisi', 214, 'DEPT  IT & MIS', 1, 'PSU', 6, 4, NULL, '2024-06-18 20:53:42', '2024-06-18 20:53:42'),
	(15, 6, 1, '101210101', 3, 'Dimas Krisnadi', 'achmad.rizky@pangansari.co.id', '62895322588539', 'test posisi', 214, 'DEPT  IT & MIS', 1, 'PSU', 6, 4, '', '2024-06-18 21:21:44', '2024-06-18 21:21:44'),
	(16, 7, 1, '101210101', 1, 'Dimas Krisnadi', 'achmad.rizky@pangansari.co.id', '62895322588539', 'Persetujuan 1', 214, 'DEPT  IT & MIS', 1, 'PSU', 7, 4, NULL, '2024-06-19 19:37:20', '2024-06-19 19:37:20'),
	(17, 8, 2, '103230815', 1, 'Syahril Hidayat', 'syahril.hidayat@pangansari.co.id', NULL, 'Persetujuan 2', NULL, NULL, NULL, NULL, 7, 7, NULL, '2024-06-19 19:37:20', '2024-06-19 19:37:20'),
	(18, 9, 3, '1012100051', 1, 'Ratih Astari Kirana', 'achmad.rizky@pangansari.co.id', '62895322588510', 'Persetujuan 3', NULL, NULL, NULL, NULL, 7, 5, NULL, '2024-06-19 19:37:20', '2024-06-19 19:37:20'),
	(19, 7, 1, '101210101', 2, 'Dimas Krisnadi', 'achmad.rizky@pangansari.co.id', '62895322588539', 'Persetujuan 1', 214, 'DEPT  IT & MIS', 1, 'PSU', 7, 4, '21-03-20244_dimas_krisnadi239372001.png', '2024-06-19 19:42:03', '2024-06-19 19:42:03'),
	(20, 8, 2, '103230815', 2, 'Syahril Hidayat', 'syahril.hidayat@pangansari.co.id', NULL, 'Persetujuan 2', NULL, NULL, NULL, NULL, 7, 7, '21-03-20247_syahril_hidayat1618610103.png', '2024-06-19 19:43:33', '2024-06-19 19:43:33'),
	(21, 9, 3, '1012100051', 3, 'Ratih Astari Kirana', 'achmad.rizky@pangansari.co.id', '62895322588510', 'Persetujuan 3', NULL, NULL, NULL, NULL, 7, 5, '', '2024-06-19 19:44:25', '2024-06-19 19:44:25'),
	(22, 7, 1, '101210101', 1, 'Dimas Krisnadi', 'achmad.rizky@pangansari.co.id', '62895322588539', 'Persetujuan 1', 214, 'DEPT  IT & MIS', 1, 'PSU', 7, 4, NULL, '2024-06-19 19:53:37', '2024-06-19 19:53:37'),
	(23, 8, 2, '103230815', 2, 'Syahril Hidayat', 'syahril.hidayat@pangansari.co.id', NULL, 'Persetujuan 2', NULL, NULL, NULL, NULL, 7, 7, NULL, '2024-06-19 19:53:37', '2024-06-19 19:53:37'),
	(24, 9, 3, '1012100051', 1, 'Ratih Astari Kirana', 'achmad.rizky@pangansari.co.id', '62895322588510', 'Persetujuan 3', NULL, NULL, NULL, NULL, 7, 5, NULL, '2024-06-19 19:53:37', '2024-06-19 19:53:37'),
	(25, 7, 1, '101210101', 2, 'Dimas Krisnadi', 'achmad.rizky@pangansari.co.id', '62895322588539', 'Persetujuan 1', 214, 'DEPT  IT & MIS', 1, 'PSU', 7, 4, '21-03-20244_dimas_krisnadi239372001.png', '2024-06-19 19:54:34', '2024-06-19 19:54:34'),
	(26, 9, 3, '1012100051', 2, 'Ratih Astari Kirana', 'achmad.rizky@pangansari.co.id', '62895322588510', 'Persetujuan 3', NULL, NULL, NULL, NULL, 7, 5, '26-03-20245_ratih_astari_kirana1563161557.png', '2024-06-19 19:55:09', '2024-06-19 19:55:09'),
	(27, 10, 1, '101210101', 1, 'Dimas Krisnadi', 'achmad.rizky@pangansari.co.id', '62895322588539', 'test persetujuan 1', 214, 'DEPT  IT & MIS', 1, 'PSU', 8, 4, NULL, '2024-06-20 20:03:20', '2024-06-20 20:03:20'),
	(28, 11, 2, '103230815', 1, 'Syahril Hidayat', 'syahril.hidayat@pangansari.co.id', NULL, 'test persetujuan 2', NULL, NULL, NULL, NULL, 8, 7, NULL, '2024-06-20 20:03:20', '2024-06-20 20:03:20'),
	(29, 12, 3, '101200001', 1, 'HEIGA ADHI SAPUTRA PRIBADHIE', 'achmad.rizky@pangansari.co.id', '62895322588537', 'test persetujuan 3', NULL, NULL, NULL, NULL, 8, 8, NULL, '2024-06-20 20:03:20', '2024-06-20 20:03:20'),
	(30, 10, 1, '101210101', 2, 'Dimas Krisnadi', 'achmad.rizky@pangansari.co.id', '62895322588539', 'test persetujuan 1', 214, 'DEPT  IT & MIS', 1, 'PSU', 8, 4, '21-03-20244_dimas_krisnadi239372001.png', '2024-06-20 20:08:43', '2024-06-20 20:08:43'),
	(31, 11, 2, '103230815', 2, 'Syahril Hidayat', 'syahril.hidayat@pangansari.co.id', NULL, 'test persetujuan 2', NULL, NULL, NULL, NULL, 8, 7, '21-03-20247_syahril_hidayat1618610103.png', '2024-06-20 20:11:20', '2024-06-20 20:11:20'),
	(32, 12, 3, '101200001', 3, 'HEIGA ADHI SAPUTRA PRIBADHIE', 'achmad.rizky@pangansari.co.id', '62895322588537', 'test persetujuan 3', 243, 'DEPT. LEGAL', 1, 'PSU', 8, 8, '', '2024-06-20 20:12:19', '2024-06-20 20:12:19'),
	(33, 10, 1, '101210101', 2, 'Dimas Krisnadi', 'achmad.rizky@pangansari.co.id', '62895322588539', 'test persetujuan 1', 214, 'DEPT  IT & MIS', 1, 'PSU', 8, 4, NULL, '2024-06-20 20:14:18', '2024-06-20 20:14:18'),
	(34, 11, 2, '103230815', 2, 'Syahril Hidayat', 'syahril.hidayat@pangansari.co.id', NULL, 'test persetujuan 2', NULL, NULL, NULL, NULL, 8, 7, NULL, '2024-06-20 20:14:18', '2024-06-20 20:14:18'),
	(35, 12, 3, '101200001', 1, 'HEIGA ADHI SAPUTRA PRIBADHIE', 'achmad.rizky@pangansari.co.id', '62895322588537', 'test persetujuan 3', 243, 'DEPT. LEGAL', 1, 'PSU', 8, 8, NULL, '2024-06-20 20:14:18', '2024-06-20 20:14:18'),
	(36, 12, 3, '101200001', 2, 'HEIGA ADHI SAPUTRA PRIBADHIE', 'achmad.rizky@pangansari.co.id', '62895322588537', 'test persetujuan 3', 243, 'DEPT. LEGAL', 1, 'PSU', 8, 8, '25-03-20248_heiga_adhi_saputra_pribadhie611562226.png', '2024-06-20 20:15:10', '2024-06-20 20:15:10'),
	(37, 13, 1, '101210197', 1, 'DICKY DENDI SUSANDI', 'dicky.dendi@pangansari.co.id', '6281998888192', 'Deputi', 243, 'DEPT. LEGAL', 1, 'PSU', 9, 19, NULL, '2024-06-20 20:29:45', '2024-06-20 20:29:45'),
	(38, 14, 2, '101200001', 1, 'HEIGA ADHI SAPUTRA PRIBADHIE', 'achmad.rizky@pangansari.co.id', '62895322588537', 'Head Legal', 243, 'DEPT. LEGAL', 1, 'PSU', 9, 8, NULL, '2024-06-20 20:29:45', '2024-06-20 20:29:45'),
	(39, 13, 1, '101210197', 2, 'DICKY DENDI SUSANDI', 'dicky.dendi@pangansari.co.id', '6281998888192', 'Deputi', 243, 'DEPT. LEGAL', 1, 'PSU', 9, 19, '21-06-202419_dicky_dendi_susandi198102958.png', '2024-06-20 20:30:43', '2024-06-20 20:30:43'),
	(40, 14, 2, '101200001', 3, 'HEIGA ADHI SAPUTRA PRIBADHIE', 'achmad.rizky@pangansari.co.id', '62895322588537', 'Head Legal', 243, 'DEPT. LEGAL', 1, 'PSU', 9, 8, '', '2024-06-20 20:33:09', '2024-06-20 20:33:09'),
	(41, 13, 1, '101210197', 2, 'DICKY DENDI SUSANDI', 'dicky.dendi@pangansari.co.id', '6281998888192', 'Deputi', 243, 'DEPT. LEGAL', 1, 'PSU', 9, 19, NULL, '2024-06-20 20:35:40', '2024-06-20 20:35:40'),
	(42, 14, 2, '101200001', 1, 'HEIGA ADHI SAPUTRA PRIBADHIE', 'achmad.rizky@pangansari.co.id', '62895322588537', 'Head Legal', 243, 'DEPT. LEGAL', 1, 'PSU', 9, 8, NULL, '2024-06-20 20:35:40', '2024-06-20 20:35:40'),
	(43, 14, 2, '101200001', 2, 'HEIGA ADHI SAPUTRA PRIBADHIE', 'achmad.rizky@pangansari.co.id', '62895322588537', 'Head Legal', 243, 'DEPT. LEGAL', 1, 'PSU', 9, 8, '25-03-20248_heiga_adhi_saputra_pribadhie611562226.png', '2024-06-20 20:36:07', '2024-06-20 20:36:07'),
	(44, 15, 1, '101210101', 1, 'Dimas Krisnadi', 'achmad.rizky@pangansari.co.id', '62895322588539', 'test posisi 1', 214, 'DEPT  IT & MIS', 1, 'PSU', 10, 4, NULL, '2024-06-21 00:54:45', '2024-06-21 00:54:45'),
	(45, 15, 1, '101210101', 2, 'Dimas Krisnadi', 'achmad.rizky@pangansari.co.id', '62895322588539', 'test posisi 1', 214, 'DEPT  IT & MIS', 1, 'PSU', 10, 4, '21-03-20244_dimas_krisnadi239372001.png', '2024-06-21 01:23:04', '2024-06-21 01:23:04');

-- Dumping structure for table ga-sheet.lara_sirkuler_head_user
CREATE TABLE IF NOT EXISTS `lara_sirkuler_head_user` (
  `id` int(11) NOT NULL AUTO_INCREMENT,
  `name` varchar(255) COLLATE armscii8_bin DEFAULT NULL,
  `nip` varchar(50) COLLATE armscii8_bin DEFAULT NULL,
  `email` varchar(255) COLLATE armscii8_bin DEFAULT NULL,
  `phone` varchar(15) COLLATE armscii8_bin DEFAULT NULL,
  `is_active` tinyint(4) DEFAULT NULL,
  `user_id` bigint(20) DEFAULT NULL,
  `created_at` timestamp NULL DEFAULT NULL,
  `updated_at` timestamp NULL DEFAULT NULL,
  PRIMARY KEY (`id`)
) ENGINE=InnoDB AUTO_INCREMENT=2 DEFAULT CHARSET=armscii8 COLLATE=armscii8_bin;

-- Dumping data for table ga-sheet.lara_sirkuler_head_user: ~1 rows (approximately)
INSERT INTO `lara_sirkuler_head_user` (`id`, `name`, `nip`, `email`, `phone`, `is_active`, `user_id`, `created_at`, `updated_at`) VALUES
	(1, 'ACHMAD RIZKY S', '101210005', 'achmad.rizky@pangansari.co.id', '0895322588537', 1, 2, '2024-06-04 06:54:22', NULL);

-- Dumping structure for table ga-sheet.lara_sirkuler_item_file
CREATE TABLE IF NOT EXISTS `lara_sirkuler_item_file` (
  `id` bigint(20) NOT NULL AUTO_INCREMENT,
  `name` varchar(255) COLLATE armscii8_bin DEFAULT NULL,
  `path` varchar(255) COLLATE armscii8_bin DEFAULT NULL,
  `extension` varchar(255) COLLATE armscii8_bin DEFAULT NULL,
  `sirkuler_header_id` bigint(20) DEFAULT NULL,
  `user_id` bigint(20) DEFAULT NULL,
  `user_name` varchar(255) COLLATE armscii8_bin DEFAULT NULL,
  `created_at` timestamp NULL DEFAULT NULL,
  `updated_at` timestamp NULL DEFAULT NULL,
  PRIMARY KEY (`id`)
) ENGINE=InnoDB AUTO_INCREMENT=13 DEFAULT CHARSET=armscii8 COLLATE=armscii8_bin;

-- Dumping data for table ga-sheet.lara_sirkuler_item_file: ~12 rows (approximately)
INSERT INTO `lara_sirkuler_item_file` (`id`, `name`, `path`, `extension`, `sirkuler_header_id`, `user_id`, `user_name`, `created_at`, `updated_at`) VALUES
	(1, '13-06-2024-achmad_rizky-167329160-dummies.pdf', 'http://192.168.103.74:8081/upload_file_sirkuler/13-06-2024-achmad_rizky-167329160-dummies.pdf', NULL, 1, 2, 'Achmad Rizky', '2024-06-13 02:22:32', '2024-06-13 02:22:32'),
	(2, '13-06-2024-achmad_rizky-1124963500-dummies.pdf', 'http://192.168.103.74:8081/upload_file_sirkuler/13-06-2024-achmad_rizky-1124963500-dummies.pdf', NULL, 2, 2, 'Achmad Rizky', '2024-06-13 02:53:09', '2024-06-13 02:53:09'),
	(3, '13-06-2024-achmad_rizky-1665320476-dummies.pdf', 'http://192.168.103.74:8081/upload_file_sirkuler/13-06-2024-achmad_rizky-1665320476-dummies.pdf', NULL, 3, 2, 'Achmad Rizky', '2024-06-13 02:59:45', '2024-06-13 02:59:45'),
	(4, '13-06-2024-achmad_rizky-329695609-dummies.pdf', 'http://192.168.103.74:8081/upload_file_sirkuler/13-06-2024-achmad_rizky-329695609-dummies.pdf', NULL, 4, 2, 'Achmad Rizky', '2024-06-13 03:16:06', '2024-06-13 03:16:06'),
	(5, '13-06-2024-achmad_rizky-949584378-ppko_karyawan.pdf', 'http://192.168.103.74:8081/upload_file_sirkuler/13-06-2024-achmad_rizky-949584378-ppko_karyawan.pdf', NULL, 5, 2, 'Achmad Rizky', '2024-06-13 03:16:06', '2024-06-13 03:16:06'),
	(6, '19-06-2024-achmad_rizky-456841725-dummies.pdf', 'http://192.168.103.74:8081/upload_file_sirkuler/19-06-2024-achmad_rizky-456841725-dummies.pdf', NULL, 6, 2, 'Achmad Rizky', '2024-06-18 20:53:42', '2024-06-18 20:53:42'),
	(7, '20-06-2024-achmad_rizky-277434673-dummies.pdf', 'http://192.168.103.74:8081/upload_file_sirkuler/20-06-2024-achmad_rizky-277434673-dummies.pdf', NULL, 7, 2, 'Achmad Rizky', '2024-06-19 19:37:20', '2024-06-19 19:37:20'),
	(8, '21-06-2024-achmad_rizky-1577207528-uat_ls-sign.pdf', 'http://192.173.10.94:8081/upload_file_sirkuler/21-06-2024-achmad_rizky-1577207528-uat_ls-sign.pdf', NULL, 8, 2, 'Achmad Rizky', '2024-06-20 20:03:20', '2024-06-20 20:03:20'),
	(9, '21-06-2024-achmad_rizky-1380093470-dummies.pdf', 'http://192.173.10.94:8081/upload_file_sirkuler/21-06-2024-achmad_rizky-1380093470-dummies.pdf', NULL, 8, 2, 'Achmad Rizky', '2024-06-20 20:14:18', '2024-06-20 20:14:18'),
	(10, '21-06-2024-dimas_adhi_naufal-621126708-laporan_tahunan_psu_2021_signed_rotated.pdf', 'http://192.173.10.94:8081/upload_file_sirkuler/21-06-2024-dimas_adhi_naufal-621126708-laporan_tahunan_psu_2021_signed_rotated.pdf', NULL, 9, 18, 'DIMAS ADHI NAUFAL', '2024-06-20 20:29:45', '2024-06-20 20:29:45'),
	(11, '21-06-2024-dimas_adhi_naufal-1613618855-perjanjian_damai_arif_wibisono_nbsu_lampung.pdf', 'http://192.173.10.94:8081/upload_file_sirkuler/21-06-2024-dimas_adhi_naufal-1613618855-perjanjian_damai_arif_wibisono_nbsu_lampung.pdf', NULL, 9, 18, 'DIMAS ADHI NAUFAL', '2024-06-20 20:35:40', '2024-06-20 20:35:40'),
	(12, '21-06-2024-achmad_rizky-77162845-uat_ls-sign.pdf', 'http://192.168.103.74:8081/upload_file_sirkuler/21-06-2024-achmad_rizky-77162845-uat_ls-sign.pdf', NULL, 10, 2, 'Achmad Rizky', '2024-06-21 00:54:45', '2024-06-21 00:54:45');

-- Dumping structure for table ga-sheet.lara_sirkuler_item_file_history
CREATE TABLE IF NOT EXISTS `lara_sirkuler_item_file_history` (
  `id` bigint(20) NOT NULL AUTO_INCREMENT,
  `name` varchar(255) COLLATE armscii8_bin DEFAULT NULL,
  `path` varchar(255) COLLATE armscii8_bin DEFAULT NULL,
  `extension` varchar(255) COLLATE armscii8_bin DEFAULT NULL,
  `sirkuler_header_id` bigint(20) DEFAULT NULL,
  `user_id` bigint(20) DEFAULT NULL,
  `user_name` varchar(255) COLLATE armscii8_bin DEFAULT NULL,
  `sirkuler_item_file_id` varchar(2550) COLLATE armscii8_bin DEFAULT NULL,
  `created_at` timestamp NULL DEFAULT NULL,
  `updated_at` timestamp NULL DEFAULT NULL,
  PRIMARY KEY (`id`)
) ENGINE=InnoDB AUTO_INCREMENT=13 DEFAULT CHARSET=armscii8 COLLATE=armscii8_bin;

-- Dumping data for table ga-sheet.lara_sirkuler_item_file_history: ~12 rows (approximately)
INSERT INTO `lara_sirkuler_item_file_history` (`id`, `name`, `path`, `extension`, `sirkuler_header_id`, `user_id`, `user_name`, `sirkuler_item_file_id`, `created_at`, `updated_at`) VALUES
	(1, '13-06-2024-achmad_rizky-167329160-dummies.pdf', 'http://192.168.103.74:8081/upload_file_sirkuler/13-06-2024-achmad_rizky-167329160-dummies.pdf', NULL, 1, 2, 'Achmad Rizky', '1', '2024-06-13 02:22:32', '2024-06-13 02:22:32'),
	(2, '13-06-2024-achmad_rizky-1124963500-dummies.pdf', 'http://192.168.103.74:8081/upload_file_sirkuler/13-06-2024-achmad_rizky-1124963500-dummies.pdf', NULL, 2, 2, 'Achmad Rizky', '2', '2024-06-13 02:53:09', '2024-06-13 02:53:09'),
	(3, '13-06-2024-achmad_rizky-1665320476-dummies.pdf', 'http://192.168.103.74:8081/upload_file_sirkuler/13-06-2024-achmad_rizky-1665320476-dummies.pdf', NULL, 3, 2, 'Achmad Rizky', '3', '2024-06-13 02:59:45', '2024-06-13 02:59:45'),
	(4, '13-06-2024-achmad_rizky-329695609-dummies.pdf', 'http://192.168.103.74:8081/upload_file_sirkuler/13-06-2024-achmad_rizky-329695609-dummies.pdf', NULL, 4, 2, 'Achmad Rizky', '4', '2024-06-13 03:16:06', '2024-06-13 03:16:06'),
	(5, '13-06-2024-achmad_rizky-949584378-ppko_karyawan.pdf', 'http://192.168.103.74:8081/upload_file_sirkuler/13-06-2024-achmad_rizky-949584378-ppko_karyawan.pdf', NULL, 5, 2, 'Achmad Rizky', '5', '2024-06-13 03:16:06', '2024-06-13 03:16:06'),
	(6, '19-06-2024-achmad_rizky-456841725-dummies.pdf', 'http://192.168.103.74:8081/upload_file_sirkuler/19-06-2024-achmad_rizky-456841725-dummies.pdf', NULL, 6, 2, 'Achmad Rizky', '6', '2024-06-18 20:53:42', '2024-06-18 20:53:42'),
	(7, '20-06-2024-achmad_rizky-277434673-dummies.pdf', 'http://192.168.103.74:8081/upload_file_sirkuler/20-06-2024-achmad_rizky-277434673-dummies.pdf', NULL, 7, 2, 'Achmad Rizky', '7', '2024-06-19 19:37:20', '2024-06-19 19:37:20'),
	(8, '21-06-2024-achmad_rizky-1577207528-uat_ls-sign.pdf', 'http://192.173.10.94:8081/upload_file_sirkuler/21-06-2024-achmad_rizky-1577207528-uat_ls-sign.pdf', NULL, 8, 2, 'Achmad Rizky', '8', '2024-06-20 20:03:20', '2024-06-20 20:03:20'),
	(9, '21-06-2024-achmad_rizky-1380093470-dummies.pdf', 'http://192.173.10.94:8081/upload_file_sirkuler/21-06-2024-achmad_rizky-1380093470-dummies.pdf', NULL, 8, 2, 'Achmad Rizky', '9', '2024-06-20 20:14:18', '2024-06-20 20:14:18'),
	(10, '21-06-2024-dimas_adhi_naufal-621126708-laporan_tahunan_psu_2021_signed_rotated.pdf', 'http://192.173.10.94:8081/upload_file_sirkuler/21-06-2024-dimas_adhi_naufal-621126708-laporan_tahunan_psu_2021_signed_rotated.pdf', NULL, 9, 18, 'DIMAS ADHI NAUFAL', '10', '2024-06-20 20:29:45', '2024-06-20 20:29:45'),
	(11, '21-06-2024-dimas_adhi_naufal-1613618855-perjanjian_damai_arif_wibisono_nbsu_lampung.pdf', 'http://192.173.10.94:8081/upload_file_sirkuler/21-06-2024-dimas_adhi_naufal-1613618855-perjanjian_damai_arif_wibisono_nbsu_lampung.pdf', NULL, 9, 18, 'DIMAS ADHI NAUFAL', '11', '2024-06-20 20:35:40', '2024-06-20 20:35:40'),
	(12, '21-06-2024-achmad_rizky-77162845-uat_ls-sign.pdf', 'http://192.168.103.74:8081/upload_file_sirkuler/21-06-2024-achmad_rizky-77162845-uat_ls-sign.pdf', NULL, 10, 2, 'Achmad Rizky', '12', '2024-06-21 00:54:45', '2024-06-21 00:54:45');

-- Dumping structure for table ga-sheet.lara_sirkuler_item_file_temp
CREATE TABLE IF NOT EXISTS `lara_sirkuler_item_file_temp` (
  `id` bigint(20) NOT NULL AUTO_INCREMENT,
  `name` varchar(255) COLLATE armscii8_bin DEFAULT NULL,
  `path` varchar(255) COLLATE armscii8_bin DEFAULT NULL,
  `extension` varchar(255) COLLATE armscii8_bin DEFAULT NULL,
  `sirkuler_header_id` bigint(20) DEFAULT NULL,
  `index` bigint(20) DEFAULT NULL,
  `user_id` bigint(20) DEFAULT NULL,
  `created_at` timestamp NULL DEFAULT NULL,
  `updated_at` timestamp NULL DEFAULT NULL,
  PRIMARY KEY (`id`)
) ENGINE=InnoDB DEFAULT CHARSET=armscii8 COLLATE=armscii8_bin;

-- Dumping data for table ga-sheet.lara_sirkuler_item_file_temp: ~0 rows (approximately)

-- Dumping structure for table ga-sheet.lara_sirkuler_master_jenis_dokumen
CREATE TABLE IF NOT EXISTS `lara_sirkuler_master_jenis_dokumen` (
  `id` bigint(20) NOT NULL AUTO_INCREMENT,
  `name` varchar(255) COLLATE armscii8_bin DEFAULT NULL,
  `is_active` tinyint(4) DEFAULT NULL,
  `user_id` bigint(20) DEFAULT NULL,
  `created_at` timestamp NULL DEFAULT NULL,
  `updated_at` timestamp NULL DEFAULT NULL,
  PRIMARY KEY (`id`)
) ENGINE=InnoDB AUTO_INCREMENT=24 DEFAULT CHARSET=armscii8 COLLATE=armscii8_bin;

-- Dumping data for table ga-sheet.lara_sirkuler_master_jenis_dokumen: ~23 rows (approximately)
INSERT INTO `lara_sirkuler_master_jenis_dokumen` (`id`, `name`, `is_active`, `user_id`, `created_at`, `updated_at`) VALUES
	(1, 'PKS', 1, 1, '2024-05-27 07:10:47', NULL),
	(2, 'PSM', 1, 1, '2024-05-27 07:10:53', NULL),
	(3, 'MOU', 1, 1, '2024-05-27 07:11:01', NULL),
	(4, 'POA', 1, 1, '2024-05-27 07:11:08', NULL),
	(5, 'PPP', 1, 1, '2024-05-27 07:11:23', NULL),
	(6, 'LO', 1, 1, '2024-05-27 07:11:32', NULL),
	(7, 'RQL', 1, 1, '2024-05-27 07:11:52', NULL),
	(8, 'RL', 1, 1, '2024-05-27 07:12:01', NULL),
	(9, 'SL', 1, 1, '2024-05-27 07:12:14', NULL),
	(10, 'AL', 1, 1, '2024-05-27 07:12:23', NULL),
	(11, 'NL', 1, 1, '2024-05-27 07:12:32', NULL),
	(12, 'SP', 1, 1, '2024-05-27 07:12:40', NULL),
	(13, 'LOI', 1, 1, '2024-05-27 07:12:47', NULL),
	(14, 'SK', 1, 1, '2024-05-27 07:12:54', NULL),
	(15, 'IL', 1, 1, '2024-05-27 07:13:02', NULL),
	(16, 'SOMASI', 1, 1, '2024-05-27 07:13:10', NULL),
	(17, 'NDA', 1, 1, '2024-05-27 07:13:16', NULL),
	(18, 'SPK', 1, 1, '2024-05-27 07:13:26', NULL),
	(19, 'PJB', 1, 1, '2024-05-27 07:13:32', NULL),
	(20, 'PPJB', 1, 1, '2024-05-27 07:13:41', NULL),
	(21, 'GL', 1, 1, '2024-05-27 07:13:48', NULL),
	(22, 'OL', 1, 1, '2024-05-27 07:13:55', NULL),
	(23, 'BAST', 1, 1, '2024-05-27 07:14:03', NULL);

-- Dumping structure for table ga-sheet.lara_sirkuler_master_pihak_lain
CREATE TABLE IF NOT EXISTS `lara_sirkuler_master_pihak_lain` (
  `id` bigint(20) NOT NULL AUTO_INCREMENT,
  `code` varchar(255) COLLATE armscii8_bin DEFAULT NULL,
  `name` varchar(255) COLLATE armscii8_bin DEFAULT NULL,
  `is_active` tinyint(4) DEFAULT NULL,
  `user_id` bigint(20) DEFAULT NULL,
  `user_updated_id` bigint(20) DEFAULT NULL,
  `company_id` bigint(20) DEFAULT NULL,
  `master_type_pihak_lain_id` bigint(20) DEFAULT NULL,
  `master_type_pihak_lain_name` varchar(255) COLLATE armscii8_bin DEFAULT NULL,
  `master_type_pihak_lain_code` varchar(255) COLLATE armscii8_bin DEFAULT NULL,
  `created_at` timestamp NULL DEFAULT NULL,
  `updated_at` timestamp NULL DEFAULT NULL,
  PRIMARY KEY (`id`) USING BTREE
) ENGINE=InnoDB AUTO_INCREMENT=18 DEFAULT CHARSET=armscii8 COLLATE=armscii8_bin ROW_FORMAT=COMPACT;

-- Dumping data for table ga-sheet.lara_sirkuler_master_pihak_lain: ~16 rows (approximately)
INSERT INTO `lara_sirkuler_master_pihak_lain` (`id`, `code`, `name`, `is_active`, `user_id`, `user_updated_id`, `company_id`, `master_type_pihak_lain_id`, `master_type_pihak_lain_name`, `master_type_pihak_lain_code`, `created_at`, `updated_at`) VALUES
	(1, 'JY', 'JOYO SUYONO', 1, 2, NULL, NULL, 2, 'Supplier', 'SUPP', '2024-06-07 08:59:22', '2024-06-07 08:59:23'),
	(2, 'RXS', 'REXUS KOMPUTER', 1, 2, NULL, NULL, 2, 'Supplier', 'SUPP', '2024-06-07 08:59:43', '2024-06-07 08:59:43'),
	(3, 'PSU', 'PT PANGANSARI UTAMA', 1, 2, 2, 1, 3, 'Internal', 'INTERNAL', '2024-06-09 23:57:21', '2024-06-19 19:10:16'),
	(4, 'PUFI', 'PT PANGANSARI UTAMA FOOD INDUSTRY', 1, NULL, NULL, 3, 3, 'Internal', 'INTERNAL', '2024-06-09 23:59:50', '2024-06-10 00:25:35'),
	(5, 'PUMS', 'PLASMA USAHA MITRA SELARAS PT', 1, NULL, NULL, 7, 3, 'Internal', 'INTERNAL', '2024-06-10 00:13:02', '2024-06-10 00:13:02'),
	(6, 'PUFD', 'PT PANGANSARI UTAMA FOOD DISTRIBUTIONS', 1, NULL, NULL, 2, 3, 'Internal', 'INTERNAL', '2024-06-12 21:07:59', '2024-06-12 21:07:59'),
	(7, 'SUPP-EK', 'ENTER KOMPUTER', 1, NULL, NULL, NULL, 2, 'Supplier', 'SUPP', '2024-06-12 21:12:42', '2024-06-12 21:12:42'),
	(9, 'SUPP-SDS', 'SADES KOMPUTER', 1, NULL, 2, NULL, 2, 'Supplier', 'SUPP', '2024-06-12 21:54:13', '2024-06-13 00:01:42'),
	(10, 'BSB', 'BASEUS', 1, NULL, NULL, NULL, 2, 'Supplier', 'SUPP', '2024-06-18 00:35:18', '2024-06-18 00:35:18'),
	(11, 'SUPP-FCN', 'FIESTA', 1, NULL, NULL, NULL, 2, 'Supplier', 'SUPP', '2024-06-18 00:50:56', '2024-06-18 00:50:56'),
	(12, 'SUPP-CM', 'COOLER MASTER', 1, NULL, NULL, NULL, 2, 'Supplier', 'SUPP', '2024-06-18 21:39:12', '2024-06-18 21:39:12'),
	(13, 'CST-MDKA', 'MERDEKA', 1, NULL, NULL, NULL, 1, 'Customer', 'CST', '2024-06-19 19:07:45', '2024-06-19 19:07:45'),
	(14, 'CST-IMP', 'IMIP', 1, NULL, NULL, NULL, 1, 'Customer', 'CST', '2024-06-19 19:08:01', '2024-06-19 19:08:01'),
	(15, 'CST-VLE', 'VALE', 1, NULL, 2, NULL, 1, 'Customer', 'CST', '2024-06-19 19:08:15', '2024-06-19 19:09:56'),
	(16, 'CSTS', 'CSTS', 1, NULL, NULL, NULL, 1, 'Customer', 'CST', '2024-06-20 19:54:46', '2024-06-20 19:54:46'),
	(17, 'CDP', 'PT CITRA DAYA PURNAMA', 1, NULL, NULL, 10, 3, 'Internal', 'INTERNAL', '2024-06-20 19:58:54', '2024-06-20 19:58:54');

-- Dumping structure for table ga-sheet.lara_sirkuler_master_type_pihak_lain
CREATE TABLE IF NOT EXISTS `lara_sirkuler_master_type_pihak_lain` (
  `id` bigint(20) NOT NULL AUTO_INCREMENT,
  `code` varchar(255) COLLATE armscii8_bin DEFAULT NULL,
  `name` varchar(255) COLLATE armscii8_bin DEFAULT NULL,
  `is_active` tinyint(4) DEFAULT NULL,
  `user_id` bigint(20) DEFAULT NULL,
  `created_at` timestamp NULL DEFAULT NULL,
  `updated_at` timestamp NULL DEFAULT NULL,
  PRIMARY KEY (`id`)
) ENGINE=InnoDB AUTO_INCREMENT=4 DEFAULT CHARSET=armscii8 COLLATE=armscii8_bin;

-- Dumping data for table ga-sheet.lara_sirkuler_master_type_pihak_lain: ~3 rows (approximately)
INSERT INTO `lara_sirkuler_master_type_pihak_lain` (`id`, `code`, `name`, `is_active`, `user_id`, `created_at`, `updated_at`) VALUES
	(1, 'CST', 'Customer', 1, 2, '2024-06-13 02:52:14', NULL),
	(2, 'SUPP', 'Supplier', 1, 2, '2024-06-13 02:52:33', NULL),
	(3, 'INTERNAL', 'Internal', 1, 2, '2024-06-13 03:46:07', NULL);

-- Dumping structure for table ga-sheet.lara_users
CREATE TABLE IF NOT EXISTS `lara_users` (
  `id` bigint(20) unsigned NOT NULL AUTO_INCREMENT,
  `name` varchar(255) CHARACTER SET utf8mb4 COLLATE utf8mb4_unicode_ci NOT NULL,
  `initial_user` char(50) COLLATE armscii8_bin NOT NULL DEFAULT '',
  `nip` varchar(50) CHARACTER SET utf8mb4 COLLATE utf8mb4_unicode_ci DEFAULT NULL,
  `email` varchar(100) CHARACTER SET utf8mb4 COLLATE utf8mb4_unicode_ci NOT NULL,
  `email_verified_at` timestamp NULL DEFAULT NULL,
  `password` varchar(255) CHARACTER SET utf8mb4 COLLATE utf8mb4_unicode_ci NOT NULL,
  `path_signature` varchar(255) CHARACTER SET utf8mb4 COLLATE utf8mb4_unicode_ci DEFAULT NULL,
  `img_signature` varchar(255) CHARACTER SET utf8mb4 COLLATE utf8mb4_unicode_ci DEFAULT NULL,
  `remember_token` varchar(100) CHARACTER SET utf8mb4 COLLATE utf8mb4_unicode_ci DEFAULT NULL,
  `lara_master_shift_id` bigint(20) unsigned DEFAULT NULL,
  `lara_master_formation_id` bigint(20) unsigned DEFAULT NULL,
  `location_id` bigint(20) unsigned DEFAULT NULL,
  `warehouse_id` bigint(20) unsigned DEFAULT NULL,
  `company_id` bigint(20) unsigned DEFAULT NULL,
  `company_name` varchar(255) CHARACTER SET utf8mb4 COLLATE utf8mb4_unicode_ci DEFAULT NULL,
  `department_id` bigint(20) unsigned DEFAULT NULL,
  `department_name` varchar(255) CHARACTER SET utf8mb4 COLLATE utf8mb4_unicode_ci DEFAULT NULL,
  `is_active` tinyint(4) DEFAULT NULL,
  `phone` varchar(50) CHARACTER SET utf8mb4 COLLATE utf8mb4_unicode_ci DEFAULT NULL,
  `created_at` timestamp NULL DEFAULT NULL,
  `updated_at` timestamp NULL DEFAULT NULL,
  PRIMARY KEY (`id`)
) ENGINE=InnoDB AUTO_INCREMENT=20 DEFAULT CHARSET=armscii8 COLLATE=armscii8_bin;

-- Dumping data for table ga-sheet.lara_users: ~5 rows (approximately)
INSERT INTO `lara_users` (`id`, `name`, `initial_user`, `nip`, `email`, `email_verified_at`, `password`, `path_signature`, `img_signature`, `remember_token`, `lara_master_shift_id`, `lara_master_formation_id`, `location_id`, `warehouse_id`, `company_id`, `company_name`, `department_id`, `department_name`, `is_active`, `phone`, `created_at`, `updated_at`) VALUES
	(1, 'Super Admin', 'SA', '101210004', 'superadmin@example.com', '2023-03-29 06:39:34', '$2y$10$92IXUNpkjO0rOQ5byMi.Ye4oKoEa3Ro9llC/.og/at2.uheWG/igi', NULL, NULL, 'dtSy7yMaNHq4riYiitm4z7krSgcwK5udumUOzG6Suxjfxla1fTgaV54WyKHj', NULL, NULL, NULL, NULL, NULL, NULL, NULL, NULL, 1, '62895322588536', '2023-03-29 06:39:34', '2023-03-29 06:39:34'),
	(2, 'Achmad Rizky', 'AR', '101210005', 'achmad.rizky@pangansari.co.id', '2023-03-29 06:39:34', '$2y$10$92IXUNpkjO0rOQ5byMi.Ye4oKoEa3Ro9llC/.og/at2.uheWG/igi', 'http://192.168.117.177:8081/signature/user/27-03-20242_achmad_rizky259387291.png', '27-03-20242_achmad_rizky259387291.png', 'PrssSZS5tb6UoPIymzhuzo71nw9IcN2x0O59Hm31TIElc90Ppayf6EF7w1w5', NULL, NULL, 927, 811, 1, 'PSU', 214, 'DEPT  IT & MIS', 1, '6289532257738', '2023-03-29 06:39:34', '2024-03-26 21:16:33'),
	(3, 'Example User', 'EU', '101210003', 'test@example.com', '2023-03-29 06:39:34', '$2y$10$92IXUNpkjO0rOQ5byMi.Ye4oKoEa3Ro9llC/.og/at2.uheWG/igi', 'http://192.168.117.177:8081/signature/user/26-03-20243_example_user1004625293.png', '26-03-20243_example_user1004625293.png', 'hkvJINTmPdvUZfoE9rF5zashU38ZDE4Nrgxu09oQMlatrocg0vRfuAtiQVJy', NULL, NULL, NULL, NULL, NULL, NULL, NULL, NULL, 1, '62895322588538', '2023-03-29 06:39:34', '2024-03-26 00:08:30'),
	(4, 'Dimas Krisnadi', 'DK', '101210101', 'achmad.rizky@pangansari.co.id', NULL, '$2y$10$92IXUNpkjO0rOQ5byMi.Ye4oKoEa3Ro9llC/.og/at2.uheWG/igi', 'http://192.168.117.177:8081/signature/user/21-03-20244_dimas_krisnadi239372001.png', '21-03-20244_dimas_krisnadi239372001.png', NULL, NULL, NULL, NULL, NULL, 1, 'PSU', 214, 'DEPT  IT & MIS', 1, '62895322588539', '2023-05-13 06:21:13', '2024-03-26 21:23:56'),
	(5, 'Ratih Astari Kirana', 'RAK', '1012100051', 'achmad.rizky@pangansari.co.id', NULL, '$2y$10$r6Ql3anh53s3fIo1mNvYnerC5ueS9NQekWXlEyXJttZgAkXnSXsZ2', 'http://192.168.117.177:8081/signature/user/26-03-20245_ratih_astari_kirana1563161557.png', '26-03-20245_ratih_astari_kirana1563161557.png', NULL, NULL, NULL, NULL, NULL, NULL, NULL, NULL, NULL, 1, '62895322588510', '2023-05-13 06:28:36', '2024-03-26 00:07:45');

-- Dumping structure for table ga-sheet.sessions
CREATE TABLE IF NOT EXISTS `sessions` (
  `id` varchar(255) CHARACTER SET utf8mb4 COLLATE utf8mb4_unicode_ci NOT NULL,
  `user_id` bigint(20) unsigned DEFAULT NULL,
  `ip_address` varchar(45) CHARACTER SET utf8mb4 COLLATE utf8mb4_unicode_ci DEFAULT NULL,
  `user_agent` text CHARACTER SET utf8mb4 COLLATE utf8mb4_unicode_ci,
  `payload` longtext CHARACTER SET utf8mb4 COLLATE utf8mb4_unicode_ci NOT NULL,
  `last_activity` int(11) NOT NULL
) ENGINE=InnoDB DEFAULT CHARSET=armscii8 COLLATE=armscii8_bin;

-- Dumping data for table ga-sheet.sessions: ~2 rows (approximately)
INSERT INTO `sessions` (`id`, `user_id`, `ip_address`, `user_agent`, `payload`, `last_activity`) VALUES
	('wr3wKdt9cr1etzol8wOcs2w2t0DyZQx86Y7Jlq4s', 2, '192.168.103.74', 'Mozilla/5.0 (Windows NT 10.0; Win64; x64) AppleWebKit/537.36 (KHTML, like Gecko) Chrome/126.0.0.0 Safari/537.36', 'YTo0OntzOjY6Il90b2tlbiI7czo0MDoiZ1lIbnE0MW5heDNhU1k2QmV3dXNvcDZwMUFSSFNiZ2RaZ2dtdHVISCI7czo2OiJfZmxhc2giO2E6Mjp7czozOiJvbGQiO2E6MDp7fXM6MzoibmV3IjthOjA6e319czo1MDoibG9naW5fd2ViXzU5YmEzNmFkZGMyYjJmOTQwMTU4MGYwMTRjN2Y1OGVhNGUzMDk4OWQiO2k6MjtzOjk6Il9wcmV2aW91cyI7YToxOntzOjM6InVybCI7czoxMjY6Imh0dHA6Ly8xOTIuMTY4LjEwMy43NDo4MDgxL3Npcmt1bGVyL2NyZWF0ZWxpc3QvanNvbl9pbmRleD9kaXJlY3Rpb249JmZpZWxkPSZwYWdlPTEmc2VhcmNoPSZzZWFyY2hfc3RhdHVzPSZzZWFyY2hfc3RhdHVzX25vbW9yPSI7fX0=', 1719221198),
	('69UgCiLDMrN3KqyhzBW9iesOz7Z3gfq3mbX9WsBZ', NULL, '192.168.103.74', 'Mozilla/5.0 (Windows NT 10.0; Win64; x64) AppleWebKit/537.36 (KHTML, like Gecko) Chrome/126.0.0.0 Safari/537.36', 'YToyOntzOjY6Il90b2tlbiI7czo0MDoiQXV1RGtkM0dPTmVQTmQ3UXdDVkFmZkxyOWF1dktWaDhQanc4MTJqOCI7czo2OiJfZmxhc2giO2E6Mjp7czozOiJvbGQiO2E6MDp7fXM6MzoibmV3IjthOjA6e319fQ==', 1719542137);

-- Dumping structure for table ga-sheet.simbol_kondisi
CREATE TABLE IF NOT EXISTS `simbol_kondisi` (
  `id` bigint(20) NOT NULL AUTO_INCREMENT,
  `code` varchar(255) DEFAULT NULL,
  `name` varchar(255) DEFAULT NULL,
  `is_active` tinyint(4) DEFAULT NULL,
  `user_id` bigint(20) DEFAULT NULL,
  `user_update_id` bigint(20) DEFAULT NULL,
  `created_at` timestamp NULL DEFAULT NULL,
  `updated_at` timestamp NULL DEFAULT NULL,
  PRIMARY KEY (`id`)
) ENGINE=InnoDB AUTO_INCREMENT=2 DEFAULT CHARSET=latin1;

-- Dumping data for table ga-sheet.simbol_kondisi: ~1 rows (approximately)
INSERT INTO `simbol_kondisi` (`id`, `code`, `name`, `is_active`, `user_id`, `user_update_id`, `created_at`, `updated_at`) VALUES
	(1, '01', 'Bocor', 1, 1, NULL, '2024-07-01 06:46:20', '2024-07-01 06:46:22');

/*!40103 SET TIME_ZONE=IFNULL(@OLD_TIME_ZONE, 'system') */;
/*!40101 SET SQL_MODE=IFNULL(@OLD_SQL_MODE, '') */;
/*!40014 SET FOREIGN_KEY_CHECKS=IFNULL(@OLD_FOREIGN_KEY_CHECKS, 1) */;
/*!40101 SET CHARACTER_SET_CLIENT=@OLD_CHARACTER_SET_CLIENT */;
/*!40111 SET SQL_NOTES=IFNULL(@OLD_SQL_NOTES, 1) */;
